Year,Site,Species,Plot_Subplot,Plot,Subplot,Field_ID,Arroyo,Age,Size,Location,Dead_Canopy,Fruit_Count_N,Fruit_Count_E,Fruit_Count_S,Fruit_Count_W,Tree_Status,Tree_Height,CanopyMajorAxis,CanopyMinorAxis
2024,222,JUMO,1.1,1,1,4,n,M,NA,NA,30,0,3,1,0,Live,NA,NA,NA
2024,222,JUMO,1.1,1,1,7,n,O,NA,NA,15,7,11,0,0,Live,NA,NA,NA
2024,222,JUMO,1.2,1,2,9,n,O,NA,NA,35,2,2,0,0,Live,NA,NA,NA
2024,222,JUMO,1.2,1,2,12,n,M,NA,NA,30,1,2,1,2,Live,NA,NA,NA
2024,222,JUMO,1.2,1,2,14,n,M,NA,NA,15,0,0,21,0,Live,NA,NA,NA
2024,222,JUMO,1.2,1,2,15,n,Y,NA,NA,25,0,0,0,0,Live,NA,NA,NA
2024,222,JUMO,1.2,1,2,16,n,Y,NA,NA,15,0,0,0,0,Live,NA,NA,NA
2024,222,JUMO,1.2,1,2,18,n,M,NA,NA,65,6,0,0,0,Live,NA,NA,NA
2024,222,JUMO,1.2,1,2,19,n,M,NA,NA,30,0,6,0,0,Live,NA,NA,NA
2024,222,JUMO,1.2,1,2,23,n,Y,NA,NA,20,2,7,3,2,Live,NA,NA,NA
2024,222,JUMO,1.3,1,3,25,n,O,NA,NA,25,0,0,1,0,Live,NA,NA,NA
2024,222,JUMO,1.3,1,3,26,n,O,NA,NA,60,0,0,1,0,Live,NA,NA,NA
2024,222,JUMO,1.3,1,3,27,n,Y,NA,NA,30,0,0,0,0,Live,NA,NA,NA
2024,222,JUMO,1.3,1,3,28,n,O,NA,NA,10,0,0,0,0,Live,NA,NA,NA
2024,222,JUMO,1.3,1,3,31,n,M,NA,NA,30,7,4,1,3,Live,NA,NA,NA
2024,222,JUMO,1.3,1,3,33,n,NA,NA,NA,40,0,0,0,0,Live,NA,NA,NA
2024,222,JUMO,1.3,1,3,34,n,NA,NA,NA,5,1,0,0,0,Live,NA,NA,NA
2024,222,JUMO,1.4,1,4,37,n,M,NA,NA,20,0,2,0,2,Live,NA,NA,NA
2024,222,JUMO,1.4,1,4,39,n,M,NA,NA,10,1,3,1,1,Live,NA,NA,NA
2024,222,JUMO,1.4,1,4,44,n,O,NA,NA,50,0,0,2,7,Live,NA,NA,NA
2024,222,JUMO,1.4,1,4,45,n,O,NA,NA,20,1,20,1,1,Live,NA,NA,NA
2024,222,JUMO,1.4,1,4,46,n,O,NA,NA,15,0,0,2,0,Live,NA,NA,NA
2024,222,JUMO,2.1,2,1,54,n,Y,NA,NA,10,3,2,0,3,Live,NA,NA,NA
2024,222,JUMO,2.1,2,1,55,n,O,NA,NA,10,0,1,0,0,Live,NA,NA,NA
2024,222,JUMO,2.1,2,1,56,n,Y,NA,NA,5,18,2,1,2,Live,NA,NA,NA
2024,222,JUMO,2.1,2,1,57,n,Y,NA,NA,30,3,4,1,1,Live,NA,NA,NA
2024,222,JUMO,2.1,2,1,58,n,Y,NA,NA,30,0,0,0,0,Live,NA,NA,NA
2024,222,JUMO,2.1,2,1,59,n,Y,NA,NA,10,0,0,0,0,Live,NA,NA,NA
2024,222,JUMO,2.1,2,1,60,n,Y,NA,NA,5,0,0,0,0,Live,NA,NA,NA
2024,222,JUMO,2.1,2,1,61,n,Y,NA,NA,15,3,7,0,2,Live,NA,NA,NA
2024,222,JUMO,2.1,2,1,62,n,Y,NA,NA,20,0,0,0,0,Live,NA,NA,NA
2024,222,JUMO,2.1,2,1,65,n,M,NA,NA,20,0,0,0,0,Live,NA,NA,NA
2024,222,JUMO,2.1,2,1,66,n,M,NA,NA,40,1,2,0,1,Live,NA,NA,NA
2024,222,JUMO,2.1,2,1,67,n,M,NA,NA,10,0,0,0,0,Live,NA,NA,NA
2024,222,JUMO,2.1,2,1,68,n,M,NA,NA,20,0,0,0,0,Live,NA,NA,NA
2024,222,JUMO,2.1,2,1,71,n,NA,NA,NA,10,0,0,0,0,Live,NA,NA,NA
2024,222,JUMO,2.2,2,2,72,n,Y,NA,NA,5,0,0,0,0,Live,NA,NA,NA
2024,222,JUMO,2.2,2,2,77,n,M,NA,NA,25,0,2,0,0,Live,NA,NA,NA
2024,222,JUMO,2.2,2,2,78,n,NA,NA,NA,5,0,0,0,0,Live,NA,NA,NA
2024,222,JUMO,2.2,2,2,79,n,M,NA,NA,10,6,21,0,0,Live,NA,NA,NA
2024,222,JUMO,2.2,2,2,80,n,Y,NA,NA,10,0,0,0,0,Live,NA,NA,NA
2024,222,JUMO,2.2,2,2,81,n,M,NA,NA,25,3,1,0,0,Live,NA,NA,NA
2024,222,JUMO,2.2,2,2,83,n,M,NA,NA,10,1,0,0,0,Live,NA,NA,NA
2024,222,JUMO,2.2,2,2,85,n,O,NA,NA,10,3,23,2,0,Live,NA,NA,NA
2024,222,JUMO,2.2,2,2,87,n,M,NA,NA,20,1,0,0,0,Live,NA,NA,NA
2024,222,JUMO,2.2,2,2,88,n,M,NA,NA,30,1,5,1,0,Live,NA,NA,NA
2024,222,JUMO,2.3,2,3,90,n,M,NA,NA,20,0,0,0,0,Live,NA,NA,NA
2024,222,JUMO,2.3,2,3,92,n,O,NA,NA,50,0,15,3,3,Live,NA,NA,NA
2024,222,JUMO,2.3,2,3,93,n,O,NA,NA,35,0,1,0,1,Live,NA,NA,NA
2024,222,JUMO,2.3,2,3,94,n,Y,NA,NA,5,0,0,0,0,Live,NA,NA,NA
2024,222,JUMO,2.4,2,4,99,n,Y,NA,NA,20,0,7,0,0,Live,NA,NA,NA
2024,222,JUMO,2.4,2,4,102,n,Y,NA,NA,10,0,0,0,2,Live,NA,NA,NA
2024,222,JUMO,2.4,2,4,105,n,Y,NA,NA,15,0,0,0,1,Live,NA,NA,NA
2024,222,JUMO,2.4,2,4,106,n,M,NA,NA,35,0,0,0,0,Live,NA,NA,NA
2024,222,JUMO,2.4,2,4,107,n,M,NA,NA,45,0,0,0,0,Live,NA,NA,NA
2024,222,JUMO,2.4,2,4,108,n,M,NA,NA,50,0,0,8,0,Live,NA,NA,NA
2024,222,JUMO,2.4,2,4,109,n,Y,NA,NA,35,0,0,0,0,Live,NA,NA,NA
2024,222,JUMO,3.1,3,1,111,n,M,NA,NA,20,0,0,0,0,Live,NA,NA,NA
2024,222,JUMO,3.1,3,1,112,n,M,NA,NA,10,0,0,0,0,Live,NA,NA,NA
2024,222,JUMO,3.1,3,1,113,n,M,NA,NA,15,0,2,1,0,Live,NA,NA,NA
2024,222,JUMO,3.1,3,1,114,n,M,NA,NA,15,0,4,0,0,Live,NA,NA,NA
2024,222,JUMO,3.1,3,1,115,n,M,NA,NA,15,0,0,0,2,Live,NA,NA,NA
2024,222,JUMO,3.1,3,1,116,n,M,NA,NA,10,11,0,0,0,Live,NA,NA,NA
2024,222,JUMO,3.1,3,1,117,n,M,NA,NA,25,0,0,0,0,Live,NA,NA,NA
2024,222,JUMO,3.1,3,1,119,n,Y,NA,NA,10,1,0,3,0,Live,NA,NA,NA
2024,222,JUMO,3.1,3,1,120,n,Y,NA,NA,10,0,0,0,0,Live,NA,NA,NA
2024,222,JUMO,3.1,3,1,122,n,Y,NA,NA,NA,NA,NA,NA,NA,NA,NA,NA,NA
2024,222,JUMO,3.1,3,1,123,n,O,NA,NA,35,1,0,0,0,Live,NA,NA,NA
2024,222,JUMO,3.1,3,1,125,n,O,NA,NA,10,1,4,6,4,Live,NA,NA,NA
2024,222,JUMO,3.2,3,2,128,n,M,NA,NA,45,0,14,2,0,Live,NA,NA,NA
2024,222,JUMO,3.2,3,2,129,n,M,NA,NA,15,8,46,0,2,Live,NA,NA,NA
2024,222,JUMO,3.2,3,2,130,n,M,NA,NA,20,0,0,0,0,Live,NA,NA,NA
2024,222,JUMO,3.2,3,2,131,n,M,NA,NA,40,0,0,2,0,Live ,NA,NA,NA
2024,222,JUMO,3.2,3,2,132,n,M,NA,NA,20,0,0,0,0,Live,NA,NA,NA
2024,222,JUMO,3.2,3,2,133,n,M,NA,NA,15,0,0,0,0,Live,NA,NA,NA
2024,222,JUMO,3.2,3,2,136,n,M,NA,NA,35,14,46,21,4,Live,NA,NA,NA
2024,222,JUMO,3.2,3,2,139,n,M,NA,NA,25,0,3,0,0,Live,NA,NA,NA
2024,222,JUMO,3.3,3,3,140,n,O,NA,NA,5,30,25,30,2,Live,NA,NA,NA
2024,222,JUMO,3.3,3,3,142,n,VO,NA,NA,15,0,0,0,0,Live,NA,NA,NA
2024,222,JUMO,3.3,3,3,145,n,M,NA,NA,5,3,10,10,2,Live,NA,NA,NA
2024,222,JUMO,3.4,3,4,154,n,Y,NA,NA,10,11,45,20,24,Live,NA,NA,NA
2024,222,JUMO,3.4,3,4,155,n,O,NA,NA,45,6,18,10,1,Live,NA,NA,NA
2024,222,JUMO,4.1,4,1,159,n,O,NA,NA,15,20,26,0,2,Live,NA,NA,NA
2024,222,JUMO,4.1,4,1,160,n,Y,NA,NA,40,25,0,0,67,Live,NA,NA,NA
2024,222,JUMO,4.1,4,1,162,n,O,NA,NA,15,0,0,0,0,Live,NA,NA,NA
2024,222,JUMO,4.1,4,1,163,n,Y,NA,NA,5,0,0,0,0,Live,NA,NA,NA
2024,222,JUMO,4.1,4,1,164,n,O,NA,NA,70,0,0,0,0,Live,NA,NA,NA
2024,222,JUMO,4.1,4,1,167,n,M,NA,NA,10,0,0,0,0,Live,NA,NA,NA
2024,222,JUMO,4.1,4,1,169,n,M,NA,NA,20,1,0,0,0,Live,NA,NA,NA
2024,222,JUMO,4.2,4,2,171,n,M,NA,NA,15,0,0,0,1,Live,NA,NA,NA
2024,222,JUMO,4.2,4,2,174,n,M,NA,NA,25,1,0,0,0,Live,NA,NA,NA
2024,222,JUMO,4.2,4,2,176,n,M,NA,NA,20,0,0,0,0,Live,NA,NA,NA
2024,222,JUMO,4.2,4,2,177,n,Y,NA,NA,5,0,0,0,0,Live,NA,NA,NA
2024,222,JUMO,4.2,4,2,178,n,Y,NA,NA,NA,NA,NA,NA,NA,NA,NA,NA,NA
2024,222,JUMO,4.2,4,2,180,n,Y,NA,NA,5,0,0,0,0,Live,NA,NA,NA
2024,222,JUMO,4.2,4,2,181,n,M,NA,NA,15,7,7,1,2,Live,NA,NA,NA
2024,222,JUMO,4.2,4,2,184,n,M,NA,NA,50,0,0,0,0,Live,NA,NA,NA
2024,222,JUMO,4.2,4,2,185,n,M,NA,NA,40,0,0,0,0,Live,NA,NA,NA
2024,222,JUMO,4.3,4,3,186,n,O,NA,NA,5,26,38,14,0,Live,NA,NA,NA
2024,222,JUMO,4.3,4,3,189,n,Y,NA,NA,100,NA,NA,NA,NA,Dead,NA,NA,NA
2024,222,JUMO,4.3,4,3,201,n,VO,NA,NA,5,1,7,2,0,Live,NA,NA,NA
2024,222,JUMO,4.3,4,3,204,n,VO,NA,NA,5,11,9,16,1,Live,NA,NA,NA
2024,222,JUMO,2.4,2,4,101a,n,Y,NA,NA,NA,NA,NA,NA,NA,NA,NA,NA,NA
2024,222,JUMO,3.4,3,4,152a,n,Y,NA,NA,NA,NA,NA,NA,NA,NA,NA,NA,NA
2024,222,JUMO,4.3,4,3,191j,n,Y,NA,NA,NA,NA,NA,NA,NA,NA,NA,NA,NA
2024,222,JUMO,1.4,1,4,49J,n,NA,NA,NA,NA,NA,NA,NA,NA,NA,NA,NA,NA
2024,222,JUMO,1.4,1,4,50J,n,NA,NA,NA,NA,NA,NA,NA,NA,NA,NA,NA,NA
2024,222,JUMO,1.4,1,4,51J,n,NA,NA,NA,NA,NA,NA,NA,NA,NA,NA,NA,NA
2024,222,JUMO,1.4,1,4,52J,n,NA,NA,NA,NA,NA,NA,NA,NA,NA,NA,NA,NA
2024,222,JUMO,2.2,2,2,89a,n,Y,NA,NA,NA,NA,NA,NA,NA,NA,NA,NA,NA
2024,BTA,JUMO,NA,NA,NA,254,n,M,NA,NA,NA,NA,NA,NA,NA,NA,NA,NA,NA
2024,BTA,JUMO,NA,NA,NA,255,n,M,NA,NA,NA,NA,NA,NA,NA,NA,NA,NA,NA
2024,BTA,JUMO,NA,NA,NA,272,n,Y,NA,NA,NA,NA,NA,NA,NA,NA,NA,NA,NA
2024,BTA,JUMO,NA,NA,NA,283,n,M,NA,NA,NA,NA,NA,NA,NA,NA,NA,NA,NA
2024,BTA,JUMO,NA,NA,NA,288,n,M,NA,NA,NA,NA,NA,NA,NA,NA,NA,NA,NA
2024,BTA,JUMO,NA,NA,NA,294,n,O,NA,NA,NA,NA,NA,NA,NA,NA,NA,NA,NA
2024,BTA,JUMO,NA,NA,NA,295,n,M,NA,NA,NA,NA,NA,NA,NA,NA,NA,NA,NA
2024,BTA,JUMO,NA,NA,NA,297,n,O,NA,NA,NA,NA,NA,NA,NA,NA,NA,NA,NA
2024,BTA,JUMO,NA,NA,NA,402,n,O,NA,NA,NA,NA,NA,NA,NA,NA,NA,NA,NA
2024,BTA,JUMO,NA,NA,NA,903,n,Y,NA,NA,NA,NA,NA,NA,NA,NA,NA,NA,NA
2024,BTA,JUMO,NA,NA,NA,913,n,O,NA,NA,NA,NA,NA,NA,NA,NA,NA,NA,NA
2024,BTA,JUMO,NA,NA,NA,917,n,M,NA,NA,NA,NA,NA,NA,NA,NA,NA,NA,NA
2024,CM,JUMO,1.1,1,1,4003,n,O,NA,NA,75,1,0,0,0,Live,NA,NA,NA
2024,CM,JUMO,1.1,1,1,4004,n,Y,NA,S 1.0m JN 4003,5,0,0,0,0,Live,NA,NA,NA
2024,CM,JUMO,1.1,1,1,4005,n,Y,NA,NA,15,0,0,0,0,Live,NA,NA,NA
2024,CM,JUMO,1.1,1,1,4006,n,Y,NA,NA,5,0,0,0,0,Live,NA,NA,NA
2024,CM,JUMO,1.1,1,1,4008,n,M,NA,NA,45,10,39,7,0,Live,NA,NA,NA
2024,CM,JUMO,1.1,1,1,4010,n,Y,NA,S slope,45,0,0,0,0,Live,NA,NA,NA
2024,CM,JUMO,1.1,1,1,4015,n,Y,NA,NA,10,0,0,0,0,Live,NA,NA,NA
2024,CM,PIED,1.1,1,1,4017,n,M,NA,NA,50,0,0,NA,NA,Decline,NA,NA,NA
2024,CM,JUMO,1.1,1,1,4018,n,O,NA,S slope,30,3,0,3,10,Live,NA,NA,NA
2024,CM,JUMO,1.1,1,1,4023,n,Y,NA,N slope,35,0,0,0,0,Live,NA,NA,NA
2024,CM,JUMO,1.1,1,1,4024,n,Y,NA,NA,80,0,0,0,0,Live,NA,NA,NA
2024,CM,JUMO,1.1,1,1,4028,n,Y,NA,N slope,40,0,0,0,0,Live,NA,NA,NA
2024,CM,JUMO,1.1,1,1,4029,n,M,NA,N slope,35,0,0,11,0,Live,NA,NA,NA
2024,CM,JUMO,1.1,1,1,4031,n,M,NA,N slope,40,0,0,0,0,Live,NA,NA,NA
2024,CM,JUMO,1.1,1,1,4034,n,O,NA,N slope,25,11,5,11,0,Live,NA,NA,NA
2024,CM,JUMO,1.1,1,1,4035,n,M,NA,N slope,20,0,0,0,0,Live,NA,NA,NA
2024,CM,JUMO,1.1,1,1,4037,n,M,NA,N slope,30,0,4,0,0,Live,NA,NA,NA
2024,CM,PIED,1.1,1,1,4041,n,Y,NA,NA,10,22,23,NA,NA,Live,NA,NA,NA
2024,CM,JUMO,1.1,1,1,4042,n,O,NA,S slope,10,3,4,0,7,Live,NA,NA,NA
2024,CM,PIED,1.2,1,2,4046,n,M,NA,NA,5,11,0,NA,NA,Live,NA,NA,NA
2024,CM,PIED,1.2,1,2,4050,n,VO,NA,NA,100,0,0,NA,NA,Dead,NA,NA,NA
2024,CM,PIED,1.2,1,2,4051,n,O,NA,NA,100,0,0,NA,NA,Dead,NA,NA,NA
2024,CM,PIED,1.3,1,3,4055,n,O,NA,NA,10,296,31,NA,NA,Live,NA,NA,NA
2024,CM,JUMO,1.3,1,3,4057,n,O,NA,open,40,11,12,4,1,Live,NA,NA,NA
2024,CM,JUMO,1.3,1,3,4058,n,M,NA,NA,50,0,0,0,0,Live,NA,NA,NA
2024,CM,JUMO,1.3,1,3,4059,n,O,NA,NA,20,0,5,0,0,Live,NA,NA,NA
2024,CM,JUMO,1.3,1,3,4060,n,M,NA,NA,25,40,11,25,6,Live,NA,NA,NA
2024,CM,JUMO,1.3,1,3,4064,n,O,NA,NA,15,26,28,6,2,Live,NA,NA,NA
2024,CM,PIED,1.3,1,3,4065,n,O,NA,NA,15,298,35,NA,NA,Live,NA,NA,NA
2024,CM,JUMO,1.4,1,4,4066,n,M,NA,S slope,50,0,1,0,0,Live,NA,NA,NA
2024,CM,JUMO,1.4,1,4,4067,n,O,NA,NA,45,0,0,0,0,Live,NA,NA,NA
2024,CM,JUMO,1.4,1,4,4068,n,Y,NA,S slope,60,0,0,0,0,Live,NA,NA,NA
2024,CM,JUMO,1.4,1,4,4069,n,O,NA,S slope,10,0,0,0,0,Live,NA,NA,NA
2024,CM,JUMO,1.4,1,4,4075,n,M,NA,S slope,30,0,0,0,0,Live,NA,NA,NA
2024,CM,JUMO,1.4,1,4,4076,n,Y,NA,S slope,20,0,5,0,0,Live,NA,NA,NA
2024,CM,JUMO,1.4,1,4,4078,n,M,NA,NA,10,7,6,4,5,Live,NA,NA,NA
2024,CM,JUMO,1.4,1,4,4079,n,O,NA,NA,15,21,17,14,3,Live,NA,NA,NA
2024,CM,JUMO,1.4,1,4,4080,n,M,NA,NW corner,15,0,0,0,0,Live,NA,NA,NA
2024,CM,JUMO,1.4,1,4,4082,n,Y,NA,S slope,10,8,12,0,5,Live,NA,NA,NA
2024,CM,JUMO,1.4,1,4,4083,n,O,NA,S slope,35,0,5,3,0,Live,NA,NA,NA
2024,CM,PIED,1.4,1,4,4084,n,M,NA,NA,20,26,6,NA,NA,Live,NA,NA,NA
2024,CM,JUMO,1.4,1,4,4087,n,M,NA,NA,65,0,0,0,0,Live,NA,NA,NA
2024,CM,JUMO,1.4,1,4,4088,n,Y,NA,NA,40,28,5,0,0,Live,NA,NA,NA
2024,CM,JUMO,1.4,1,4,4089,n,M,NA,N slope,15,3,0,0,0,Live,NA,NA,NA
2024,CM,JUMO,1.4,1,4,4090,n,VO,NA,N slope,45,0,13,0,0,Live,NA,NA,NA
2024,CM,JUMO,1.4,1,4,4101,n,Y,NA,N slope,15,0,0,0,0,Live,NA,NA,NA
2024,CM,JUMO,1.4,1,4,4102,n,M,NA,N slope,30,0,0,0,0,Live,NA,NA,NA
2024,CM,JUMO,1.4,1,4,4106,n,O,NA,N slope,10,0,1,0,1,Live,NA,NA,NA
2024,CM,PIED,2.1,2,1,4108,n,M,NA,NA,NA,NA,NA,NA,NA,NA,NA,NA,NA
2024,CM,JUMO,2.1,2,1,4109,n,O,NA,NA,30,2,3,4,1,Live,NA,NA,NA
2024,CM,PIED,2.1,2,1,4110,n,M,NA,NA,10,18,43,0,0,Live,NA,NA,NA
2024,CM,JUMO,2.1,2,1,4111,n,Y,NA,NA,45,0,1,0,0,Live,NA,NA,NA
2024,CM,PIED,2.1,2,1,4112,n,O,NA,NA,15,80,69,NA,NA,Live,NA,NA,NA
2024,CM,PIED,2.1,2,1,4113,n,O,NA,NA,20,66,63,NA,NA,Live,NA,NA,NA
2024,CM,PIED,2.1,2,1,4114,n,M,NA,NA,50/20,Nov-77,68/102,NA,NA,Live,NA,NA,NA
2024,CM,PIED,2.1,2,1,4115,n,M,NA,NA,15,65,6,NA,NA,Live,NA,NA,NA
2024,CM,PIED,2.1,2,1,4117,n,O,NA,NA,100,NA,NA,NA,NA,Dead,NA,NA,NA
2024,CM,PIED,2.1,2,1,4120,n,O,NA,NA,30,173,234,NA,NA,Live,NA,NA,NA
2024,CM,JUMO,2.1,2,1,4122,n,VO,NA,NA,60,0,0,0,0,Live,NA,NA,NA
2024,CM,JUMO,2.1,2,1,4123,n,VO,NA,NW corner,10,5,3,4,3,Live,NA,NA,NA
2024,CM,JUMO,2.1,2,1,4124,n,O,NA,NA,15,28,1,25,14,Live,NA,NA,NA
2024,CM,JUMO,2.1,2,1,4126,n,M,NA,NA,20,3,4,6,8,Live,NA,NA,NA
2024,CM,PIED,2.1,2,1,4129,n,M,NA,NA,0,69,75,NA,NA,Live,NA,NA,NA
2024,CM,PIED,2.1,2,1,4131,n,Y,NA,NA,10,0,0,NA,NA,Live,NA,NA,NA
2024,CM,PIED,2.1,2,1,4132,n,Y,NA,NA,5,61,23,NA,NA,Live,NA,NA,NA
2024,CM,JUMO,2.1,2,1,4133,n,Y,NA,Open place,10,0,0,0,0,Live,NA,NA,NA
2024,CM,JUMO,2.1,2,1,4134,n,M,NA,NA,20,1,9,1,0,Live,NA,NA,NA
2024,CM,QUTU2,2.1,2,1,4135,n,NA,13.2,NA,NA,NA,NA,NA,NA,NA,NA,NA,NA
2024,CM,JUMO,2.1,2,1,4138,n,M,NA,NA,20,3,17,18,0,Live,NA,NA,NA
2024,CM,QUTU2,2.1,2,1,4139,n,NA,10.6,NA,NA,NA,NA,NA,NA,NA,NA,NA,NA
2024,CM,PIED,2.1,2,1,4140,n,M,NA,NA,NA,NA,NA,NA,NA,Dead,NA,NA,NA
2024,CM,PIED,2.1,2,1,4141,n,O,NA,NA,NA,NA,NA,NA,NA,Dead,NA,NA,NA
2024,CM,PIED,2.1,2,1,4142,n,O,NA,NA,NA,NA,NA,NA,NA,Dead,NA,NA,NA
2024,CM,QUTU2,2.2,2,2,4143,n,NA,5.1,W edge,NA,NA,NA,NA,NA,Dead,NA,NA,NA
2024,CM,PIED,2.2,2,2,4144,n,M,NA,NA,15,17,5,NA,NA,Live,NA,NA,NA
2024,CM,QUTU2,2.2,2,2,4145,n,NA,47,NA,NA,NA,NA,NA,NA,NA,NA,NA,NA
2024,CM,PIED,2.2,2,2,4148,n,M,NA,NA,10,284,72,NA,NA,Live,NA,NA,NA
2024,CM,JUMO,2.2,2,2,4150,n,M,NA,W edge,30,1,0,0,0,Live,NA,NA,NA
2024,CM,JUMO,2.2,2,2,4151,n,M,NA,NA,35,1,2,0,3,Live,NA,NA,NA
2024,CM,JUMO,2.2,2,2,4152,n,M,NA,NA,80,2,0,0,5,Live,NA,NA,NA
2024,CM,JUMO,2.2,2,2,4154,n,M,NA,NA,35,2,1,0,1,Live,NA,NA,NA
2024,CM,JUMO,2.2,2,2,4155,n,O,NA,NA,15,0,0,2,3,Live,NA,NA,NA
2024,CM,JUMO,2.2,2,2,4157,n,M,NA,NA,20,4,3,1,0,Live,NA,NA,NA
2024,CM,JUMO,2.2,2,2,4158,n,M,NA,NA,40,3,3,3,1,Live,NA,NA,NA
2024,CM,JUMO,2.2,2,2,4159,n,Y,NA,NA,30,1,0,0,0,Live,NA,NA,NA
2024,CM,PIED,2.2,2,2,4160,n,Y,NA,NA,15,2,3,NA,NA,Live,NA,NA,NA
2024,CM,PIED,2.2,2,2,4162,n,VO,NA,NA,30,23,8,NA,NA,Live,NA,NA,NA
2024,CM,JUMO,2.2,2,2,4164,n,M,NA,NA,20,0,0,0,0,Live,NA,NA,NA
2024,CM,JUMO,2.2,2,2,4165,n,Y,NA,NA,30,0,0,0,0,Live,NA,NA,NA
2024,CM,JUMO,2.2,2,2,4166,n,M,NA,NA,20,0,3,0,1,Live,NA,NA,NA
2024,CM,JUMO,2.2,2,2,4167,n,M,NA,NA,30,1,3,0,1,Live,NA,NA,NA
2024,CM,JUMO,2.2,2,2,4168,n,O,NA,NA,20,0,0,0,0,Live,NA,NA,NA
2024,CM,JUMO,2.3,2,3,4170,n,M,NA,NA,15,0,1,0,3,Live,NA,NA,NA
2024,CM,PIED,2.3,2,3,4172,n,M,NA,NA,15,106,39,NA,NA,Live,NA,NA,NA
2024,CM,JUMO,2.3,2,3,4173,n,O,NA,NA,15,7,1,3,3,Live,NA,NA,NA
2024,CM,PIED,2.3,2,3,4174,n,O,NA,NA,20,269,33,NA,NA,Live,NA,NA,NA
2024,CM,JUMO,2.3,2,3,4175,n,M,NA,NA,15,2,0,0,0,Live,NA,NA,NA
2024,CM,JUMO,2.3,2,3,4177,n,O,NA,NA,10,0,2,0,0,Live,NA,NA,NA
2024,CM,JUMO,2.3,2,3,4178,n,M,NA,NA,75,77,0,0,45,Live,NA,NA,NA
2024,CM,JUMO,2.3,2,3,4180,n,M,NA,NA,40,5,0,0,4,Live,NA,NA,NA
2024,CM,PIED,2.3,2,3,4182,n,VO,NA,NA,30,138,7,NA,NA,Live,NA,NA,NA
2024,CM,JUMO,2.3,2,3,4183,n,M,NA,NA,40,1,6,0,3,Live,NA,NA,NA
2024,CM,JUMO,2.3,2,3,4185,n,M,NA,NA,20,7,19,16,9,Live,NA,NA,NA
2024,CM,JUMO,2.3,2,3,4186,n,Y,NA,NA,20,7,0,0,1,Live,NA,NA,NA
2024,CM,JUMO,2.3,2,3,4187,n,M,NA,NA,NA,NA,NA,NA,NA,NA,NA,NA,NA
2024,CM,PIED,2.3,2,3,4188,n,O,NA,NA,5,189,35,NA,NA,Live,NA,NA,NA
2024,CM,JUMO,2.3,2,3,4189,n,M,NA,NA,15,6,20,10,12,Live,NA,NA,NA
2024,CM,PIED,2.3,2,3,4191,n,M,NA,NA,10,39,21,NA,NA,Live,NA,NA,NA
2024,CM,PIED,2.3,2,3,4192,n,M,NA,NA,10,4,0,NA,NA,Live,NA,NA,NA
2024,CM,JUMO,2.4,2,4,4195,n,O,NA,NA,35,23,0,0,10,Live,NA,NA,NA
2024,CM,JUMO,2.4,2,4,4199,n,M,NA,NA,25,0,0,0,1,Live,NA,NA,NA
2024,CM,JUMO,2.4,2,4,4200,n,M,NA,NA,30,1,0,0,2,Live,NA,NA,NA
2024,CM,JUMO,2.4,2,4,4201,n,O,NA,NA,15,0,0,0,0,Live,NA,NA,NA
2024,CM,JUMO,2.4,2,4,4204,n,M,NA,NA,35,1,1,2,0,Live,NA,NA,NA
2024,CM,JUMO,2.4,2,4,4205,n,O,NA,NA,15,2,3,0,0,Live,NA,NA,NA
2024,CM,JUMO,2.4,2,4,4206,n,M,NA,NA,30,3,4,3,6,Live,NA,NA,NA
2024,CM,JUMO,2.4,2,4,4207,n,VO,NA,NW corner,20,9,1,2,0,Live,NA,NA,NA
2024,CM,JUMO,2.4,2,4,4209,n,O,NA,NA,40,0,23,10,12,Live,NA,NA,NA
2024,CM,PIED,2.4,2,4,4210,n,M,NA,NA,NA,NA,NA,NA,NA,NA,NA,NA,NA
2024,CM,JUMO,2.4,2,4,4213,n,M,NA,NA,90,0,0,0,0,Live,NA,NA,NA
2024,CM,QUTU2,4.1,4,1,4215,n,NA,12.3,NW corner,NA,NA,NA,NA,NA,NA,NA,NA,NA
2024,CM,JUMO,4.1,4,1,4216,n,M,NA,NA,NA,NA,NA,NA,NA,NA,NA,NA,NA
2024,CM,JUMO,4.1,4,1,4217,n,M,NA,NA,NA,NA,NA,NA,NA,NA,NA,NA,NA
2024,CM,PIED,4.1,4,1,4218,n,M,NA,NA,NA,NA,NA,NA,NA,NA,NA,NA,NA
2024,CM,PIED,4.1,4,1,4220,n,Y,NA,NA,NA,NA,NA,NA,NA,NA,NA,NA,NA
2024,CM,JUMO,4.1,4,1,4221,n,Y,NA,E of PN 4221e,NA,NA,NA,NA,NA,NA,NA,NA,NA
2024,CM,JUMO,4.1,4,1,4225,n,Y,NA,S slope,30,0,4,0,0,Live,NA,NA,NA
2024,CM,PIED,4.1,4,1,4226,n,Y,NA,NA,5,17,13,NA,NA,Live,NA,NA,NA
2024,CM,PIED,4.1,4,1,4229,n,M,NA,NA,20,98,87,NA,NA,Live,NA,NA,NA
2024,CM,QUTU2,4.1,4,1,4232,n,NA,16.1,clump,NA,NA,NA,NA,NA,NA,NA,NA,NA
2024,CM,JUMO,4.1,4,1,4233,n,M,NA,NA,60,2,0,0,3,Live,NA,NA,NA
2024,CM,PIED,4.1,4,1,4234,n,M,NA,NA,35,12,25,NA,NA,Live,NA,NA,NA
2024,CM,PIED,4.1,4,1,4235,n,M,NA,NA,15,100,115,NA,NA,Live,NA,NA,NA
2024,CM,JUMO,4.1,4,1,4236,n,M,NA,NA,35,0,0,1,1,Live,NA,NA,NA
2024,CM,PIED,4.1,4,1,4237,n,M,NA,NA,NA,NA,NA,NA,NA,Dead,NA,NA,NA
2024,CM,PIED,4.1,4,1,4239,n,M,NA,NA,10,134,24,NA,NA,Live,NA,NA,NA
2024,CM,PIED,4.1,4,1,4240,n,Y,NA,NA,10,8,7,NA,NA,Live,NA,NA,NA
2024,CM,JUMO,4.1,4,1,4241,n,O,NA,NW Corner,100,NA,NA,NA,NA,Dead,NA,NA,NA
2024,CM,JUMO,4.1,4,1,4245,n,Y,NA,SW Corner,25,1,0,1,1,Live,NA,NA,NA
2024,CM,JUMO,4.2,4,2,4249,n,M,NA,NA,30,0,3,5,0,Live,NA,NA,NA
2024,CM,JUMO,4.2,4,2,4253,n,Y,NA,S slope,40,0,3,6,2,Live,NA,NA,NA
2024,CM,JUMO,4.2,4,2,4258,n,O,NA,NA,35,0,0,0,0,Live,NA,NA,NA
2024,CM,JUMO,4.2,4,2,4261,n,M,NA,NA,95,0,0,0,0,Live,NA,NA,NA
2024,CM,JUMO,4.2,4,2,4263,n,Y,NA,NA,5,2,0,0,0,Live,NA,NA,NA
2024,CM,JUMO,4.2,4,2,4268,n,O,NA,NA,40,1,3,1,1,Live,NA,NA,NA
2024,CM,PIED,4.2,4,2,4270,n,M,NA,NA,100,NA,NA,NA,NA,Dead,NA,NA,NA
2024,CM,PIED,4.3,4,3,4273,n,O,NA,NA,25,122,151,NA,NA,Live,NA,NA,NA
2024,CM,PIED,4.3,4,3,4275,n,O,NA,NA,20,115,193,NA,NA,Live,NA,NA,NA
2024,CM,PIED,4.3,4,3,4277,n,O,NA,NA,10,56,206,NA,NA,Live,NA,NA,NA
2024,CM,PIED,4.3,4,3,4278,n,O,NA,NA,60,15,12,NA,NA,Live,NA,NA,NA
2024,CM,JUMO,4.3,4,3,4279,n,M,NA,NA,40,3,1,7,10,Live,NA,NA,NA
2024,CM,PIED,4.3,4,3,4281,n,M,NA,NA,5,136,16,NA,NA,Live,NA,NA,NA
2024,CM,JUMO,4.3,4,3,4282,n,M,NA,Bottom,25,0,2,1,0,Live,NA,NA,NA
2024,CM,JUMO,4.3,4,3,4285,n,VO,NA,Bottom,95,0,0,0,0,Live,NA,NA,NA
2024,CM,JUMO,4.3,4,3,4286,n,O,NA,SW Corner,15,7,2,7,1,Live,NA,NA,NA
2024,CM,QUTU2,4.4,4,4,4287,n,NA,10.6,NA,NA,NA,NA,NA,NA,NA,NA,NA,NA
2024,CM,PIED,4.4,4,4,4288,n,M,NA,NA,100,NA,NA,NA,NA,Dead,NA,NA,NA
2024,CM,JUMO,4.4,4,4,4292,n,M,NA,NA,35,1,2,1,1,Live,NA,NA,NA
2024,CM,PIED,4.4,4,4,4293,n,M,NA,NA,10,124,24,0,0,Live,NA,NA,NA
2024,CM,PIED,4.4,4,4,4295,n,M,NA,NA,100,NA,NA,NA,NA,Dead,NA,NA,NA
2024,CM,PIED,4.4,4,4,4296,n,O,NA,NA,50,11,14,0,0,Live,NA,NA,NA
2024,CM,JUMO,4.4,4,4,4297,n,Y,NA,NA,20,3,1,0,2,Live,NA,NA,NA
2024,CM,PIED,4.4,4,4,4298,n,O,NA,NA,30,41,55,NA,NA,Live,NA,NA,NA
2024,CM,JUMO,4.4,4,4,4300,n,M,NA,NA,15,NA,NA,NA,NA,Live,NA,NA,NA
2024,CM,JUMO,4.4,4,4,4301,n,O,NA,NA,25,1,5,4,5,Live,NA,NA,NA
2024,CM,JUMO,4.4,4,4,4302,n,O,NA,NA,35,71,52,4,5,Live,NA,NA,NA
2024,CM,PIED,4.4,4,4,4303,n,M,NA,NA,15,162,22,NA,NA,Live,NA,NA,NA
2024,CM,PIED,3.1,3,1,4304,n,O,NA,NA,10,239,74,NA,NA,Live,NA,NA,NA
2024,CM,JUMO,3.1,3,1,4305,n,O,NA,NA,20,0,0,0,0,Live,NA,NA,NA
2024,CM,JUMO,3.1,3,1,4306,n,O,NA,NA,40,0,0,4,0,Live,NA,NA,NA
2024,CM,JUMO,3.1,3,1,4309,n,O,NA,NA,25,2,2,9,0,Live,NA,NA,NA
2024,CM,PIED,3.1,3,1,4310,n,M,NA,NA,25,9,18,NA,NA,Live,NA,NA,NA
2024,CM,PIED,3.1,3,1,4312,n,M,NA,NA,10,42,33,NA,NA,Live,NA,NA,NA
2024,CM,PIED,3.1,3,1,4314,n,M,NA,NA,10,182,19,NA,NA,Live,NA,NA,NA
2024,CM,JUMO,3.2,3,2,4316,n,M,NA,NE Corner,50,0,2,2,0,Live,NA,NA,NA
2024,CM,JUMO,3.2,3,2,4318,n,Y,NA,NA,15,0,0,0,1,Live,NA,NA,NA
2024,CM,JUMO,3.2,3,2,4319,n,M,NA,NA,90,1,0,0,0,Live ,NA,NA,NA
2024,CM,JUMO,3.2,3,2,4320,n,M,NA,NA,20,2,3,1,0,Live,NA,NA,NA
2024,CM,JUMO,3.2,3,2,4321,n,VO,NA,NA,10,0,0,1,0,Live,NA,NA,NA
2024,CM,PIED,3.2,3,2,4326,n,O,NA,NA,30,222,212,NA,NA,Live,NA,NA,NA
2024,CM,JUMO,3.2,3,2,4328,n,O,NA,NA,10,2,0,0,2,Live,NA,NA,NA
2024,CM,JUMO,3.2,3,2,4329,n,O,NA,NA,30,0,0,2,2,Live,NA,NA,NA
2024,CM,JUMO,3.2,3,2,4330,n,M,NA,NA,10,0,1,1,11,Live,NA,NA,NA
2024,CM,PIED,3.2,3,2,4331,n,M,NA,NA,5,45,159,0,0,Live,NA,NA,NA
2024,CM,PIED,3.2,3,2,4332,n,Y,NA,NA,100,NA,NA,NA,NA,Dead,NA,NA,NA
2024,CM,JUMO,3.3,3,3,4336,n,O,NA,Tag on W,10,2,14,0,3,Live,NA,NA,NA
2024,CM,JUMO,3.3,3,3,4337,n,M,NA,NA,20,1,0,0,0,Live,NA,NA,NA
2024,CM,JUMO,3.3,3,3,4338,n,O,NA,NA,35,7,0,0,0,Live,NA,NA,NA
2024,CM,PIED,3.3,3,3,4342,n,VO,NA,NA,30,234,196,NA,NA,Live,NA,NA,NA
2024,CM,JUMO,3.3,3,3,4343,n,O,NA,NA,10,1,8,0,0,Live,NA,NA,NA
2024,CM,JUMO,3.3,3,3,4344,n,O,NA,NA,10,3,0,1,0,Live,NA,NA,NA
2024,CM,JUMO,3.3,3,3,4345,n,M,NA,NA,10,0,3,0,0,Live,NA,NA,NA
2024,CM,JUMO,3.3,3,3,4347,n,M,NA,NA,10,1,0,0,0,Live,NA,NA,NA
2024,CM,JUMO,3.3,3,3,4348,n,Y,NA,NA,5,0,0,5,0,Live,NA,NA,NA
2024,CM,PIED,3.3,3,3,4349,n,M,NA,NA,0,29,223,NA,NA,Live,NA,NA,NA
2024,CM,JUMO,3.4,3,4,4353,n,Y,NA,NA,30,1,0,0,0,Live,NA,NA,NA
2024,CM,JUMO,3.4,3,4,4355,n,Y,NA,NA,20,0,9,4,0,Live,NA,NA,NA
2024,CM,JUMO,3.4,3,4,4358,n,Y,NA,NA,20,8,27,10,0,Live,NA,NA,NA
2024,CM,JUMO,3.4,3,4,4359,n,O,NA,NA,45,18,3,1,0,Live,NA,NA,NA
2024,CM,JUMO,3.4,3,4,4360,n,M,NA,NA,15,0,1,1,0,Live,NA,NA,NA
2024,CM,JUMO,3.4,3,4,4361,n,Y,NA,Open,15,5,4,4,2,Live,NA,NA,NA
2024,CM,JUMO,3.4,3,4,4362,n,O,NA,NA,20,0,0,0,0,Live,NA,NA,NA
2024,CM,JUMO,3.4,3,4,4365,n,Y,NA,NA,15,12,13,8,1,Live,NA,NA,NA
2024,CM,JUMO,3.4,3,4,4367,n,M,NA,NA,15,0,0,0,0,Live,NA,NA,NA
2024,CM,JUMO,3.4,3,4,4371,n,O,NA,NA,30,0,0,0,0,Live,NA,NA,NA
2024,CM,JUMO,3.4,3,4,4372,n,O,NA,NA,85,0,0,0,1,Live,NA,NA,NA
2024,CM,JUMO,3.4,3,4,4374,n,Y,NA,NA,5,2,0,0,0,Live,NA,NA,NA
2024,CM,JUMO,3.4,3,4,4377,n,M,NA,S 2.0m JN 4374,5,4,10,2,0,Live,NA,NA,NA
2024,CM,PIED,1.1,1,1,4001*,y,M,NA,NA,NA,NA,NA,NA,NA,NA,NA,NA,NA
2024,CM,PIED,1.1,1,1,4002*,y,M,NA,NA,NA,NA,NA,NA,NA,NA,NA,NA,NA
2024,CM,PIED,1.1,1,1,4007*,y,Y,NA,NA,0,0,0,NA,NA,Live,NA,NA,NA
2024,CM,PIED,1.1,1,1,4009*,y,Y,NA,NA,5,0,7,NA,NA,Live,NA,NA,NA
2024,CM,JUMO,1.1,1,1,4009b,n,Y,NA,N 1.0m PN 4009,10,7,0,0,1,Live,NA,NA,NA
2024,CM,PIED,1.1,1,1,4012*,y,O,NA,NA,15,75,21,0,0,Live,NA,NA,NA
2024,CM,PIED,1.1,1,1,4013*,y,O,NA,NA,20,9,18,NA,NA,Live,NA,NA,NA
2024,CM,PIED,1.1,1,1,4014*,y,M,NA,NA,5,4,0,NA,NA,Live,NA,NA,NA
2024,CM,PIED,1.1,1,1,4016*,y,M,NA,S 2.0m JN 4015,25,53,5,NA,NA,Live,NA,NA,NA
2024,CM,JUMO,1.1,1,1,4016a,n,Y,NA,W 0.2m PN 4016,10,0,0,NA,NA,Live,NA,NA,NA
2024,CM,PIED,1.1,1,1,4017a,n,Y,NA,N 0.3m PN 4017,0,0,0,NA,NA,Live,NA,NA,NA
2024,CM,PIED,1.1,1,1,4018a,n,Y,NA,W 0.2m JN 4018,30,0,0,NA,NA,Live,NA,NA,NA
2024,CM,PIED,1.1,1,1,4020*,y,M,NA,NA,20,0,0,NA,NA,Live,NA,NA,NA
2024,CM,PIED,1.1,1,1,4021*,y,M,NA,NA,5,2,11,NA,NA,Live,NA,NA,NA
2024,CM,PIED,1.1,1,1,4022a,n,Y,NA,W 0.5m JN 4022,20,0,2,NA,NA,Live,NA,NA,NA
2024,CM,PIED,1.1,1,1,4023b,n,Y,NA,N 1.0m JN 4023,10,0,7,NA,NA,Live,NA,NA,NA
2024,CM,PIED,1.1,1,1,4026a,n,Y,NA,N 0.3m JN 4026,10,5,3,NA,NA,Live,NA,NA,NA
2024,CM,PIED,1.1,1,1,4027*,y,Y,NA,NA,5,6,6,NA,NA,Live,NA,NA,NA
2024,CM,PIED,1.1,1,1,4027a*,y,Y,NA,N 0.3 m PN 4027,20,38,7,NA,NA,Live,NA,NA,NA
2024,CM,PIED,1.1,1,1,4027b*,y,Y,NA,N 1.0 PN 4027,15,3,1,NA,NA,Live,NA,NA,NA
2024,CM,JUMO,1.1,1,1,4029a,n,Y,NA,N 1.0m JN 4029,30,0,0,0,0,Live,NA,NA,NA
2024,CM,JUMO,1.1,1,1,4029b,n,Y,NA,NE 1.5m JN 4029,40,0,0,0,0,Live,NA,NA,NA
2024,CM,PIED,1.1,1,1,4032*,y,M,NA,NA,100,NA,NA,NA,NA,Dead,NA,NA,NA
2024,CM,PIED,1.1,1,1,4032a*,y,Y,NA,E 2.0m PN 4032,0,0,0,0,0,Live,NA,NA,NA
2024,CM,PIED,1.1,1,1,4033a*,y,Y,NA,E 1.0m JN 4033,5,4,0,NA,NA,Live,NA,NA,NA
2024,CM,PIED,1.1,1,1,4035a,n,Y,NA,JN 4035,5,2,0,NA,NA,Live,NA,NA,NA
2024,CM,PIED,1.1,1,1,4039b,n,Y,NA,S 3.0m JN 4039,10,0,0,NA,NA,Live,NA,NA,NA
2024,CM,QUTU2,1.1,1,1,4039c,n,NA,5.8,NW 1.2m JN 4039,NA,NA,NA,NA,NA,NA,NA,NA,NA
2024,CM,PIED,1.1,1,1,4040a,n,Y,NA,N 2.0m JN 4040,5,0,0,NA,NA,Live,NA,NA,NA
2024,CM,PIED,1.1,1,1,4043a,n,Y,NA,W JN 4043,10,10,3,NA,NA,Live,NA,NA,NA
2024,CM,PIED,1.1,1,1,4044*,y,M,NA,NA,20,43,19,NA,NA,Live,NA,NA,NA
2024,CM,PIED,1.1,1,1,4045*,y,M,NA,NA,25,0,4,NA,NA,Live,NA,NA,NA
2024,CM,PIED,1.3,1,3,4053a,n,M,NA,NW 1.0m JN 4053,15,64,46,NA,NA,Live,NA,NA,NA
2024,CM,PIED,1.3,1,3,4059a,n,Y,NA,NE JN 4059,0,0,0,NA,NA,Live,NA,NA,NA
2024,CM,PIED,1.3,1,3,4060a,n,Y,NA,N 0.5m JN 4060,20,5,5,NA,NA,Live,NA,NA,NA
2024,CM,PIED,1.4,1,4,4067a*,y,Y,NA,W 3.5m JN 4067,15,0,2,NA,NA,Live,NA,NA,NA
2024,CM,JUMO,1.4,1,4,4067b,n,M,NA,N slope,80,1,1,0,0,Live,NA,NA,NA
2024,CM,PIED,1.4,1,4,4068a*,y,Y,NA,E 0.2m JN 4069,10,10,1,NA,NA,Live,NA,NA,NA
2024,CM,JUMO,1.4,1,4,4069b,n,Y,NA,N 1.5m JN 4069,40,2,1,0,0,Live,NA,NA,NA
2024,CM,PIED,1.4,1,4,4069c,n,M,NA,E 1.0m JN 4069,5,17,17,NA,NA,Live,NA,NA,NA
2024,CM,PIED,1.4,1,4,4071a,n,Y,NA,S 0.5m JN 4071,10,0,1,NA,NA,Live,NA,NA,NA
2024,CM,PIED,1.4,1,4,4072a,n,M,NA,W 2.5m JN 4072,10,8,5,NA,NA,Live,NA,NA,NA
2024,CM,PIED,1.4,1,4,4072b,n,Y,NA,W 2.0m JN 4072,20,6,6,NA,NA,Live,NA,NA,NA
2024,CM,PIED,1.4,1,4,4074*,y,M,NA,NA,10,108,3,NA,NA,Live,NA,NA,NA
2024,CM,PIED,1.4,1,4,4074a*,y,Y,NA,S 1.2m JN 4074,40,6,5,NA,NA,Live,NA,NA,NA
2024,CM,JUMO,1.4,1,4,4074b,n,M,NA,S 1.0m PN 4074,80,1,0,0,0,Live,NA,NA,NA
2024,CM,PIED,1.4,1,4,4076a,n,Y,NA,E 2.5m JN 4076,5,6,5,NA,NA,Live,NA,NA,NA
2024,CM,QUTU2,1.4,1,4,4076b,n,NA,25.6,E 2.0m JN 4076,NA,NA,NA,NA,NA,NA,NA,NA,NA
2024,CM,JUMO,1.4,1,4,4076c,n,Y,NA,W 0.5m JN 4076,65,0,0,1,0,Live,NA,NA,NA
2024,CM,PIED,1.4,1,4,4076c,n,Y,NA,W 2.2m JN 4076,15,3,12,NA,NA,Live,NA,NA,NA
2024,CM,QUTU2,1.4,1,4,4077a,n,NA,20.4,N 2.0m JN 4077,NA,NA,NA,NA,NA,NA,NA,NA,NA
2024,CM,JUMO,1.4,1,4,4077b,n,Y,NA,SW 1.0m JN 4077,65,0,0,0,0,Live,NA,NA,NA
2024,CM,PIED,1.4,1,4,4079a,n,Y,NA,W 0.5m JN 4079,20,49,17,NA,NA,Live,NA,NA,NA
2024,CM,PIED,1.4,1,4,4079b,n,Y,NA,S 1.2m JN 4079,15,74,23,NA,NA,Live,NA,NA,NA
2024,CM,PIED,1.4,1,4,4081a*,y,M,NA,N 0.5m JN 4081,20,59,8,NA,NA,Live,NA,NA,NA
2024,CM,PIED,1.4,1,4,4083a,n,Y,NA,N 1.2m JN 4083,10,0,0,NA,NA,Live,NA,NA,NA
2024,CM,PIED,1.4,1,4,4083c,n,Y,NA,S 0.5m JN 4083,5,1,0,NA,NA,Live,NA,NA,NA
2024,CM,QUTU2,1.4,1,4,4084a,n,NA,11.9,PN 4084,NA,NA,NA,NA,NA,NA,NA,NA,NA
2024,CM,PIED,1.4,1,4,4085*,y,Y,NA,NA,30,22,0,NA,NA,Live,NA,NA,NA
2024,CM,QUTU2,1.4,1,4,4085b,n,NA,5.8,W 1.0 PN 4085,NA,NA,NA,NA,NA,NA,NA,NA,NA
2024,CM,PIED,1.4,1,4,4086*,y,M,NA,NA,5,0,3,NA,NA,Live,NA,NA,NA
2024,CM,PIED,1.4,1,4,4087a*,y,Y,NA,NW 2.0m JN 4087,10,3,2,NA,NA,Live,NA,NA,NA
2024,CM,PIED,1.4,1,4,4088a*,y,M,NA,N 0.5m JN 4088,10,98,6,NA,NA,Live,NA,NA,NA
2024,CM,PIED,1.4,1,4,4104a*,y,Y,NA,N 1.2m JN 4104,25,49,3,NA,NA,Live,NA,NA,NA
2024,CM,PIED,1.4,1,4,4105a,n,M,NA,N 2.0m JN 4105,5,7,1,NA,NA,Live,NA,NA,NA
2024,CM,PIED,1.4,1,4,4105b,n,Y,NA,NW 3.0m JN 4105,5,0,12,NA,NA,Live,NA,NA,NA
2024,CM,PIED,1.4,1,4,4105c,n,Y,NA,N 2.0m JN 4105,20,6,25,NA,NA,Live,NA,NA,NA
2024,CM,PIED,1.4,1,4,4106a,n,Y,NA,W 0.7m JN 4106,5,6,0,NA,NA,Live,NA,NA,NA
2024,CM,JUMO,2.1,2,1,4107b,n,Y,NA,N 1.5m JN 4107,0,1,0,0,1,Live,NA,NA,NA
2024,CM,QUTU2,2.1,2,1,4107c,n,NA,0.1,N 0.2m JN 4107,NA,NA,NA,NA,NA,NA,NA,NA,NA
2024,CM,PIED,2.1,2,1,4109b,n,Y,NA,N JN 4109,0,3,1,NA,NA,Live,NA,NA,NA
2024,CM,QUTU2,2.1,2,1,4109d,n,NA,5.8,S 2.0m JN 4109,NA,NA,NA,NA,NA,NA,NA,NA,NA
2024,CM,PIED,2.1,2,1,4109e,n,Y,NA,SW JN 4109,5,1,3,NA,NA,Live,NA,NA,NA
2024,CM,QUTU2,2.1,2,1,4114a,n,NA,1.4,W 0.5m PN 4114,NA,NA,NA,NA,NA,NA,NA,NA,NA
2024,CM,QUTU2,2.1,2,1,4114b,n,NA,2.5,N 2.0m JN 4107,NA,NA,NA,NA,NA,NA,NA,NA,NA
2024,CM,JUMO,2.1,2,1,4114e,n,Y,NA,W 1.0m PN 4114,5,1,1,0,0,Live,NA,NA,NA
2024,CM,QUTU2,2.1,2,1,4115b,n,NA,2.2,SW 0.5m PN 4115,NA,NA,NA,NA,NA,NA,NA,NA,NA
2024,CM,QUTU2,2.1,2,1,4117c,n,NA,0.1,PN 4117,NA,NA,NA,NA,NA,NA,NA,NA,NA
2024,CM,PIED,2.1,2,1,4119a,n,M,NA,S 0.1m JN 4119,20,109,142,NA,NA,Live,NA,NA,NA
2024,CM,QUTU2,2.1,2,1,4119a,n,NA,1.5,W JN 4119,NA,NA,NA,NA,NA,NA,NA,NA,NA
2024,CM,PIED,2.1,2,1,4120a,n,J,NA,NA,10,0,0,NA,NA,Live,NA,NA,NA
2024,CM,QUTU2,2.1,2,1,4128a,n,NA,1,N 2.5m JN 4128,NA,NA,NA,NA,NA,NA,NA,NA,NA
2024,CM,PIED,2.1,2,1,4128e,n,M,NA,N 0.5m JN 4128,15,18,15,NA,NA,Live,NA,NA,NA
2024,CM,QUTU2,2.1,2,1,4129a,n,NA,4.4,S 1.6m PN 4129,NA,NA,NA,NA,NA,NA,NA,NA,NA
2024,CM,QUTU2,2.1,2,1,4130a,n,NA,10,E JN 4130,NA,NA,NA,NA,NA,NA,NA,NA,NA
2024,CM,PIED,2.1,2,1,4130b,n,Y,NA,S 3.5m JN 4130,5,0,13,NA,NA,Live,NA,NA,NA
2024,CM,PIED,2.1,2,1,4130e,n,Y,NA,W 0.5m JN 4130,20,0,0,NA,NA,Live,NA,NA,NA
2024,CM,PIED,2.1,2,1,4131c,n,Y,NA,SW 0.5m JN 4131,15,0,0,NA,NA,Live,NA,NA,NA
2024,CM,JUMO,2.1,2,1,4132a,n,Y,NA,W 0.8m PN 4132,10,0,0,0,0,Live,NA,NA,NA
2024,CM,QUTU2,2.1,2,1,4132b,n,NA,4.5,W 0.7m PN 32,NA,NA,NA,NA,NA,NA,NA,NA,NA
2024,CM,PIED,2.1,2,1,4132c,n,Y,NA,W 2.0m PN 4132,5,0,2,NA,NA,Live,NA,NA,NA
2024,CM,PIED,2.1,2,1,4134b,n,Y,NA,S 2.0m JN 4134,20,0,4,NA,NA,Live,NA,NA,NA
2024,CM,PIED,2.1,2,1,4136b,n,Y,NA,N 2.0m JN 4136,5,206,66,NA,NA,Live,NA,NA,NA
2024,CM,QUTU2,2.1,2,1,4136d,n,NA,0.4,E 0.2m JN 4136,NA,NA,NA,NA,NA,NA,NA,NA,NA
2024,CM,QUTU2,2.1,2,1,4137a,n,NA,0.5,N 2.5m JN 4137,NA,NA,NA,NA,NA,NA,NA,NA,NA
2024,CM,PIED,2.1,2,1,4138a,n,M,NA,W 1.0m JN 4138,,NA,NA,NA,NA,NA,NA,NA,NA
2024,CM,JUMO,2.1,2,1,4140a,n,Y,NA,N 0.5m PN 4140,100,NA,NA,NA,NA,Dead,NA,NA,NA
2024,CM,QUTU2,2.1,2,1,4141a,n,NA,5.6,NW 0.5m PN 4141,NA,NA,NA,NA,NA,NA,NA,NA,NA
2024,CM,QUTU2,2.2,2,2,4144a,n,NA,1.5,E 1.0m PN 4144,NA,NA,NA,NA,NA,NA,NA,NA,NA
2024,CM,PIED,2.2,2,2,4145a,n,Y,NA,N OK 4145,5,163,46,NA,NA,Live,NA,NA,NA
2024,CM,QUTU2,2.2,2,2,4147b,n,NA,0.1,Dead JN 4125,NA,NA,NA,NA,NA,NA,NA,NA,NA
2024,CM,QUTU2,2.2,2,2,4147c,n,NA,0.6,W 2.0m JN 4125,NA,NA,NA,NA,NA,NA,NA,NA,NA
2024,CM,PIED,2.2,2,2,4148a,n,Y,NA,N 4.0m PN 4148,0,0,0,NA,NA,Live,NA,NA,NA
2024,CM,QUTU2,2.2,2,2,4148a,n,NA,10.6,N 2.2 PN 4148,NA,NA,NA,NA,NA,NA,NA,NA,NA
2024,CM,QUTU2,2.2,2,2,4149a,n,NA,0.4,E edge JN 4149,NA,NA,NA,NA,NA,NA,NA,NA,NA
2024,CM,QUTU2,2.2,2,2,4150a,n,NA,3.2,E 0.5m JN 4150,NA,NA,NA,NA,NA,NA,NA,NA,NA
2024,CM,QUTU2,2.2,2,2,4150b,n,NA,3.2,NW 3.0m JN 4150,NA,NA,NA,NA,NA,NA,NA,NA,NA
2024,CM,PIED,2.2,2,2,4151a,n,Y,NA,E 3.0m JN 4151,NA,NA,NA,NA,NA,NA,NA,NA,NA
2024,CM,QUTU2,2.2,2,2,4153a,n,NA,7.6,NW 2.0m JN 4153,NA,NA,NA,NA,NA,NA,NA,NA,NA
2024,CM,QUTU2,2.2,2,2,4155a,n,NA,2.3,S 3.0m JN 4145,NA,NA,NA,NA,NA,NA,NA,NA,NA
2024,CM,QUTU2,2.2,2,2,4155e,n,NA,2.4,S 3.0m JN 4145,NA,NA,NA,NA,NA,NA,NA,NA,NA
2024,CM,QUTU2,2.2,2,2,4157a,n,NA,5,N 1.0m JN 4157,NA,NA,NA,NA,NA,NA,NA,NA,NA
2024,CM,JUMO,2.2,2,2,4158a,n,M,NA,W 0.5m JN 4158,NA,NA,NA,NA,NA,NA,NA,NA,NA
2024,CM,JUMO,2.2,2,2,4160a,n,Y,NA,W 1.7m PN 4160,30,0,0,0,1,Live,NA,NA,NA
2024,CM,JUMO,2.2,2,2,4160c,n,Y,NA,SW 2.0m PN 4160,45,12,5,2,12,Live,NA,NA,NA
2024,CM,QUTU2,2.2,2,2,4162b,n,NA,0.5,S 3.0m PN 4162,NA,NA,NA,NA,NA,NA,NA,NA,NA
2024,CM,QUTU2,2.2,2,2,4163b,n,NA,4.4,N 2.2m JN 4163,NA,NA,NA,NA,NA,NA,NA,NA,NA
2024,CM,PIED,2.2,2,2,4163d,n,Y,NA,NW JN 4163,25,14,26,NA,NA,Live,NA,NA,NA
2024,CM,QUTU2,2.2,2,2,4163f,n,NA,0.6,NW 3.0m JN 4163,NA,NA,NA,NA,NA,NA,NA,NA,NA
2024,CM,JUMO,2.2,2,2,4165a,n,Y,NA,SW JN 4165,30,0,0,0,0,Live,NA,NA,NA
2024,CM,JUMO,2.2,2,2,4165c,n,M,NA,N JN 4165,15,0,0,0,0,Live,NA,NA,NA
2024,CM,JUMO,2.2,2,2,4165d,n,Y,NA,N JN 4165,10,0,0,0,0,Live,NA,NA,NA
2024,CM,JUMO,2.2,2,2,4165e,n,Y,NA,NA,15,0,0,0,0,Live,NA,NA,NA
2024,CM,JUMO,2.2,2,2,4165f,n,Y,NA,NA,15,0,0,0,0,Live,NA,NA,NA
2024,CM,JUMO,2.2,2,2,4165g,n,Y,NA,NA,NA,NA,NA,NA,NA,NA,NA,NA,NA
2024,CM,JUMO,2.2,2,2,4165h,n,Y,NA,NA,35,0,0,0,0,Live,NA,NA,NA
2024,CM,JUMO,2.2,2,2,4165j,n,Y,NA,NA,45,0,0,0,0,Live,NA,NA,NA
2024,CM,JUMO,2.2,2,2,4166a,n,Y,NA,NA,30,0,0,0,2,Live,NA,NA,NA
2024,CM,JUMO,2.2,2,2,4166e,n,Y,NA,E 0.7m JN 4166,NA,NA,NA,NA,NA,NA,NA,NA,NA
2024,CM,QUTU2,2.2,2,2,4168c,n,NA,0.5,NW 1.0m JN 4168,NA,NA,NA,NA,NA,NA,NA,NA,NA
2024,CM,PIED,2.2,2,2,4169a,n,Y,NA,NW JN 4169,15,80,4,NA,NA,Live,NA,NA,NA
2024,CM,PIED,2.2,2,2,4169c,n,Y,NA,N JN 4169,10,7,1,NA,NA,Live,NA,NA,NA
2024,CM,QUTU2,2.2,2,2,4169d,n,NA,0.2,N 1.0m JN 4169,NA,NA,NA,NA,NA,NA,NA,NA,NA
2024,CM,QUTU2,2.3,2,3,4170a,n,NA,6,S 1.8m JN 4170,NA,NA,NA,NA,NA,NA,NA,NA,NA
2024,CM,PIED,2.3,2,3,4174a,n,Y,NA,W PN 4174,20,0,3,NA,NA,Live,NA,NA,NA
2024,CM,PIED,2.3,2,3,4174c,n,Y,NA,W PN 4174,NA,NA,NA,NA,NA,NA,NA,NA,NA
2024,CM,PIED,2.3,2,3,4174d,n,Y,NA,N 2.5m PN 4174,NA,NA,NA,NA,NA,NA,NA,NA,NA
2024,CM,PIED,2.3,2,3,4175a,n,M,NA,N 0.5m JN 4175,5,153,18,NA,NA,Live,NA,NA,NA
2024,CM,PIED,2.3,2,3,4177a,n,M,NA,0.1m JN 4177,20,29,71,NA,NA,Live,NA,NA,NA
2024,CM,JUMO,2.3,2,3,4178a,n,Y,NA,W 0.5m JN 4178,15,1,0,0,0,Live,NA,NA,NA
2024,CM,JUMO,2.3,2,3,4178b,n,Y,NA,W 1.0 JN 4178,55,3,0,1,2,Live,NA,NA,NA
2024,CM,QUTU2,2.3,2,3,4180a,n,NA,2.8,S 1.0m JN 4180,,NA,NA,NA,NA,NA,NA,NA,NA
2024,CM,JUMO,2.3,2,3,4181a,n,Y,NA,S,35,7,8,6,0,Live,NA,NA,NA
2024,CM,QUTU2,2.3,2,3,4183a,n,NA,6,S 0.6m JN 4183,NA,NA,NA,NA,NA,NA,NA,NA,NA
2024,CM,PIED,2.3,2,3,4187b,n,Y,NA,S 1.0m JN 4187,15,29,8,NA,NA,Live,NA,NA,NA
2024,CM,PIED,2.3,2,3,4188a,n,Y,NA,SE 1.0m PN 4188,10,0,2,NA,NA,Live,NA,NA,NA
2024,CM,PIED,2.3,2,3,4188b,n,M,NA,E 1.0m PN 4188,5,3,5,NA,NA,Live,NA,NA,NA
2024,CM,JUMO,2.3,2,3,4188d,n,M,NA,N 0.3m PN 4188,55,7,0,12,5,Live,NA,NA,NA
2024,CM,JUMO,2.4,2,4,4195b,n,Y,NA,N,15,0,0,0,0,Live,NA,NA,NA
2024,CM,PIED,2.4,2,4,4195c,n,Y,NA,NW 2.0m JN 4195,10,0,0,0,0,Live,NA,NA,NA
2024,CM,JUMO,2.4,2,4,4195d,n,Y,NA,NW,50,0,0,NA,NA,Live,NA,NA,NA
2024,CM,JUMO,2.4,2,4,4195j,n,M,NA,S,10,0,0,0,0,Live,NA,NA,NA
2024,CM,PIED,2.4,2,4,4198b,n,Y,NA,NW 1.0m JN 4198,100,NA,NA,NA,NA,Dead,NA,NA,NA
2024,CM,JUMO,2.4,2,4,4198c,n,M,NA,N 0.5m JN 4198,60,2,1,0,0,Live,NA,NA,NA
2024,CM,PIED,2.4,2,4,4204a,n,Y,NA,W 0.5m JN 4204,100,NA,NA,NA,NA,Dead,NA,NA,NA
2024,CM,PIED,2.4,2,4,4207a,n,M,NA,W 0.1m JN 4207,15,0,0,NA,NA,Live,NA,NA,NA
2024,CM,JUMO,2.4,2,4,4212a,n,M,NA,W 1.0m JN 4212,NA,NA,NA,NA,NA,NA,NA,NA,NA
2024,CM,PIED,2.4,2,4,4212a,n,Y,NA,0.1m JN 4212,15,62,14,NA,NA,Live,NA,NA,NA
2024,CM,JUMO,2.4,2,4,4215a,n,M,NA,W 2.0 JN 4215,10,2,0,0,3,Live,NA,NA,NA
2024,CM,QUTU2,4.1,4,1,4218a,n,NA,3.2,E 2.0m PN 4218,NA,NA,NA,NA,NA,NA,NA,NA,NA
2024,CM,QUTU2,4.1,4,1,4219b,n,NA,0.8,NE 1.5m JN 4219,NA,NA,NA,NA,NA,NA,NA,NA,NA
2024,CM,QUTU2,4.1,4,1,4220a,n,NA,1.8,NW 0.5m PN 4220,NA,NA,NA,NA,NA,NA,NA,NA,NA
2024,CM,PIED,4.1,4,1,4221a,n,M,NA,NW 2.0m JN 4221,NA,NA,NA,NA,NA,NA,NA,NA,NA
2024,CM,QUTU2,4.1,4,1,4221b,n,NA,1.1,W 2.0m JN 4221,NA,NA,NA,NA,NA,NA,NA,NA,NA
2024,CM,QUTU2,4.1,4,1,4221c,n,NA,1.2,N 1.0m JN 4221,NA,NA,NA,NA,NA,NA,NA,NA,NA
2024,CM,JUMO,4.1,4,1,4221d,n,Y,NA,W 2.0m JN 4221,NA,NA,NA,NA,NA,NA,NA,NA,NA
2024,CM,PIED,4.1,4,1,4221e,n,Y,NA,SW 2.0m JN 4221,NA,NA,NA,NA,NA,NA,NA,NA,NA
2024,CM,QUTU2,4.1,4,1,4221h,n,NA,2.2,NW JN 4221,NA,NA,NA,NA,NA,NA,NA,NA,NA
2024,CM,QUTU2,4.1,4,1,4222a,n,NA,14.1,NW 2.5m JN 4222,NA,NA,NA,NA,NA,NA,NA,NA,NA
2024,CM,PIED,4.1,4,1,4223a,n,Y,NA,SW 0.6m OK 4223,NA,NA,NA,NA,NA,NA,NA,NA,NA
2024,CM,QUTU2,4.1,4,1,4223b,n,NA,8,S 0.3m Dead PN 4223,NA,NA,NA,NA,NA,NA,NA,NA,NA
2024,CM,QUTU2,4.1,4,1,4225a,n,NA,4.2,NW 1.7m JN 4225,NA,NA,NA,NA,NA,NA,NA,NA,NA
2024,CM,QUTU2,4.1,4,1,4226a,n,NA,4.3,N 0.5m PN 4226,NA,NA,NA,NA,NA,NA,NA,NA,NA
2024,CM,QUTU2,4.1,4,1,4226b,n,NA,6.2,W 0.7m PN 4226,NA,NA,NA,NA,NA,NA,NA,NA,NA
2024,CM,QUTU2,4.1,4,1,4226c,n,NA,3,S 2.5m PN 4226,NA,NA,NA,NA,NA,NA,NA,NA,NA
2024,CM,PIED,4.1,4,1,4227*,y,M,NA,NA,35,1,0,NA,NA,Live,NA,NA,NA
2024,CM,QUTU2,4.1,4,1,4227c,n,NA,6.2,W 3.0m PN 4227,NA,NA,NA,NA,NA,NA,NA,NA,NA
2024,CM,QUTU2,4.1,4,1,4227g,n,NA,14.2,W 5.5m PN 4227,NA,NA,NA,NA,NA,NA,NA,NA,NA
2024,CM,PIED,4.1,4,1,4228a,n,Y,NA,N 0.5m JN 4228,10,0,0,NA,NA,Live,NA,NA,NA
2024,CM,PIED,4.1,4,1,4228b,n,Y,NA,S JN 4228,30,4,14,NA,NA,Live,NA,NA,NA
2024,CM,QUTU2,4.1,4,1,4228c,n,NA,1.7,N 0.7m JN 4228,NA,NA,NA,NA,NA,NA,NA,NA,NA
2024,CM,QUTU2,4.1,4,1,4231a,n,NA,3.1,NE 0.3m JN 4231,NA,NA,NA,NA,NA,NA,NA,NA,NA
2024,CM,PIED,4.1,4,1,4231b,n,Y,NA,NW 1.0m JN 4231,10,6,6,NA,NA,Live,NA,NA,NA
2024,CM,JUMO,4.1,4,1,4232b,n,Y,NA,NW OK 4232,35,1,0,0,0,Live,NA,NA,NA
2024,CM,QUTU2,4.1,4,1,4233c,n,NA,3.2,NE 1.5m JN 4233,NA,NA,NA,NA,NA,NA,NA,NA,NA
2024,CM,JUMO,4.1,4,1,4233d,n,Y,NA,N JN 4233,25,0,0,0,0,Live,NA,NA,NA
2024,CM,PIED,4.1,4,1,4235a,n,Y,NA,N 0.6m PN 4235,20,0,0,NA,NA,Live,NA,NA,NA
2024,CM,QUTU2,4.1,4,1,4235b,n,NA,0.8,NW PN 4235,NA,NA,NA,NA,NA,NA,NA,NA,NA
2024,CM,PIED,4.1,4,1,4236a,n,Y,NA,E 3.0m JN 4236,5,4,0,NA,NA,Live,NA,NA,NA
2024,CM,QUTU2,4.1,4,1,4236b,n,NA,3.5,E 2.5m JN 4236,NA,NA,NA,NA,NA,NA,NA,NA,NA
2024,CM,QUTU2,4.1,4,1,4237a,n,NA,1.5,NE 0.7m PN 4237,NA,NA,NA,NA,NA,NA,NA,NA,NA
2024,CM,QUTU2,4.1,4,1,4238a,n,NA,5.4,NE Dead PN 4238,NA,NA,NA,NA,NA,NA,NA,NA,NA
2024,CM,QUTU2,4.1,4,1,4238d,n,NA,3.3,S Dead PN 4238,NA,NA,NA,NA,NA,NA,NA,NA,NA
2024,CM,PIED,4.1,4,1,4238e,n,Y,NA,S 2.0m OK 4238,0,0,0,NA,NA,Live,NA,NA,NA
2024,CM,QUTU2,4.1,4,1,4239a,n,NA,12,around PN 4239,NA,NA,NA,NA,NA,NA,NA,NA,NA
2024,CM,PIED,4.1,4,1,4239b,n,Y,NA,NW 0.6m PN 4239,0,0,0,NA,NA,Live,NA,NA,NA
2024,CM,QUTU2,4.1,4,1,4240a,n,NA,4.2,E 1.0m PN 4240,NA,NA,NA,NA,NA,NA,NA,NA,NA
2024,CM,QUTU2,4.1,4,1,4241a,n,NA,9,N 2.0m JN 4241,NA,NA,NA,NA,NA,NA,NA,NA,NA
2024,CM,QUTU2,4.1,4,1,4243a,n,NA,4.2,S 1.7m JN 4243,NA,NA,NA,NA,NA,NA,NA,NA,NA
2024,CM,QUTU2,4.1,4,1,4244b,n,NA,15.4,around PN 4244,NA,NA,NA,NA,NA,NA,NA,NA,NA
2024,CM,QUTU2,4.1,4,1,4245a,n,NA,5,S 1.0m JN 4245,NA,NA,NA,NA,NA,NA,NA,NA,NA
2024,CM,PIED,4.1,4,1,4245b,n,Y,NA,N 0.5m JN 4245,20,40,11,NA,NA,Live,NA,NA,NA
2024,CM,JUMO,4.2,4,2,4246a,n,Y,NA,E 1.0m JN 4246,50,0,0,0,0,Live,NA,NA,NA
2024,CM,JUMO,4.2,4,2,4247a,n,Y,NA,S 1.0m JN 4247,20,0,0,2,1,Live,NA,NA,NA
2024,CM,QUTU2,4.2,4,2,4247c,n,NA,8.4,NW 2.2 JN 4247,NA,NA,NA,NA,NA,NA,NA,NA,NA
2024,CM,PIED,4.2,4,2,4248*,y,O,NA,NA,100,NA,NA,NA,NA,Dead,NA,NA,NA
2024,CM,PIED,4.2,4,2,4250*,y,O,NA,NA,100,NA,NA,NA,NA,Dead,NA,NA,NA
2024,CM,PIED,4.2,4,2,4254*,y,Y,NA,NA,NA,NA,NA,NA,NA,NA,NA,NA,NA
2024,CM,QUTU2,4.2,4,2,4254a,n,NA,4.7,around PN 4254,NA,NA,NA,NA,NA,NA,NA,NA,NA
2024,CM,PIED,4.2,4,2,4254b,n,Y,NA,W 3.0m PN 4254,100,NA,NA,NA,NA,Dead,NA,NA,NA
2024,CM,PIED,4.2,4,2,4254c*,y,Y,NA,N 1.5m PN 4254,15,0,0,0,0,Live,NA,NA,NA
2024,CM,QUTU2,4.2,4,2,4255b,n,NA,4.4,NW 1.8m JN 4255,NA,NA,NA,NA,NA,NA,NA,NA,NA
2024,CM,QUTU2,4.2,4,2,4255d,n,NA,3.7,W 2.5m JN 4255,NA,NA,NA,NA,NA,NA,NA,NA,NA
2024,CM,JUMO,4.2,4,2,4256a,n,Y,NA,E 0.7m NW Corner,20,0,3,1,0,Live,NA,NA,NA
2024,CM,JUMO,4.2,4,2,4257a,n,Y,NA,NE 0.5m Cerr 4257,25,1,5,0,5,Live,NA,NA,NA
2024,CM,PIED,4.2,4,2,4262a,n,Y,NA,N 0.7m JN 4262,40,49,1,NA,NA,Live,NA,NA,NA
2024,CM,PIED,4.2,4,2,4264a,n,Y,NA,N 1.9m JN 4264,15,60,10,NA,NA,Live,NA,NA,NA
2024,CM,JUMO,4.2,4,2,4264c,n,Y,NA,"S edge, center",25,0,0,0,0,Live,NA,NA,NA
2024,CM,JUMO,4.2,4,2,4264d,n,Y,NA,NA,35,0,0,0,0,Live,NA,NA,NA
2024,CM,JUMO,4.2,4,2,4264e,n,Y,NA,NA,20,0,0,1,4,Live,NA,NA,NA
2024,CM,JUMO,4.2,4,2,4264f,n,Y,NA,NA,10,0,0,1,1,Live,NA,NA,NA
2024,CM,JUMO,4.2,4,2,4264g,n,Y,NA,NA,25,0,0,0,0,Live,NA,NA,NA
2024,CM,PIED,4.2,4,2,4265*,y,VO,NA,NA,100,NA,NA,NA,NA,Dead,NA,NA,NA
2024,CM,QUTU2,4.3,4,3,4271c-e,n,NA,9,around ?,NA,NA,NA,NA,NA,NA,NA,NA,NA
2024,CM,JUMO,4.3,4,3,4273a,n,Y,NA,NA,35,0,6,2,1,Live,NA,NA,NA
2024,CM,QUTU2,4.3,4,3,4273d,n,NA,1,W 0.5m PN 4273,NA,NA,NA,NA,NA,NA,NA,NA,NA
2024,CM,JUMO,4.3,4,3,4275a,n,Y,NA,NA,20,1,0,1,0,Live,NA,NA,NA
2024,CM,QUTU2,4.3,4,3,4279a,n,NA,2.5,N 0.2m JN 4279,NA,NA,NA,NA,NA,NA,NA,NA,NA
2024,CM,PIED,4.3,4,3,4280a,n,M,NA,N 2.0m JN 4280,5,39,43,NA,NA,Live,NA,NA,NA
2024,CM,PIED,4.3,4,3,4280b,n,Y,NA,S 1.2m JN 4280,5,18,9,NA,NA,Live,NA,NA,NA
2024,CM,PIED,4.3,4,3,4284a*,y,Y,NA,S 0.7m JN 4284,20,12,9,NA,NA,Live,NA,NA,NA
2024,CM,PIED,4.3,4,3,4285a*,y,Y,NA,E 2.2m JN 4285,10,8,9,NA,NA,Live,NA,NA,NA
2024,CM,JUMO,4.3,4,3,4285c,n,Y,NA,S JN 4285,10,0,0,0,0,Live,NA,NA,NA
2024,CM,JUMO,4.3,4,3,4285d,n,Y,NA,S JN 4285,30,1,1,3,0,Live,NA,NA,NA
2024,CM,JUMO,4.3,4,3,4285k,n,Y,NA,NE 0.5m JN 4285,NA,NA,NA,NA,NA,NA,NA,NA,NA
2024,CM,JUMO,4.3,4,3,4285n,n,Y,NA,N 0.5m JN 4285,45,0,0,0,0,Live,NA,NA,NA
2024,CM,PIED,4.3,4,3,4285s*,y,M,NA,W 3.5m JN 4285,20,43,6,NA,NA,Live,NA,NA,NA
2024,CM,QUTU2,4.4,4,4,4287a,n,NA,10.6,S 2.2m OK 4287,NA,NA,NA,NA,NA,NA,NA,NA,NA
2024,CM,JUMO,4.4,4,4,4288a,n,Y,NA,N 0.5m PN 4288,5,1,2,0,0,Live,NA,NA,NA
2024,CM,QUTU2,4.4,4,4,4288b,n,NA,10.5,W 3.0m PN 4288,NA,NA,NA,NA,NA,NA,NA,NA,NA
2024,CM,PIED,4.4,4,4,4289a,n,Y,NA,N 0.5m JN 4289,100,NA,NA,NA,NA,Dead,NA,NA,NA
2024,CM,QUTU2,4.4,4,4,4289c,n,NA,3.4,SW 2.0m JN 4289,NA,NA,NA,NA,NA,NA,NA,NA,NA
2024,CM,QUTU2,4.4,4,4,4290a,n,NA,10.2,around JN 4290,NA,NA,NA,NA,NA,NA,NA,NA,NA
2024,CM,QUTU2,4.4,4,4,4291a,n,NA,0.7,E 0.5m JN 4291,NA,NA,NA,NA,NA,NA,NA,NA,NA
2024,CM,PIED,4.4,4,4,4291b,n,Y,NA,S 1.2m JN 4291,35,16,13,NA,NA,Live,NA,NA,NA
2024,CM,QUTU2,4.4,4,4,4292a,n,NA,32.2,N 0.9m JN 4292,NA,NA,NA,NA,NA,NA,NA,NA,NA
2024,CM,PIED,4.4,4,4,4294a,n,Y,NA,S 0.5m JN 4294,20,12,3,NA,NA,Live,NA,NA,NA
2024,CM,PIED,4.4,4,4,4295a,n,M,NA,NA,100,NA,NA,NA,NA,Dead,NA,NA,NA
2024,CM,QUTU2,4.4,4,4,4295b,n,NA,5,N 3.0m Dead PN 4295,NA,NA,NA,NA,NA,NA,NA,NA,NA
2024,CM,QUTU2,4.4,4,4,4296a,n,NA,5.2,NE 3.5m PN 4296,NA,NA,NA,NA,NA,NA,NA,NA,NA
2024,CM,QUTU2,4.4,4,4,4298a,n,NA,2.2,S 1.0m PN 4298,NA,NA,NA,NA,NA,NA,NA,NA,NA
2024,CM,PIED,4.4,4,4,4299a,n,M,NA,W 1.0m JN 4299,20,61,26,NA,NA,Live,NA,NA,NA
2024,CM,JUMO,4.4,4,4,4299b,n,M,NA,NW 5.0m JN 4299,35,0,0,0,0,Live,NA,NA,NA
2024,CM,PIED,4.4,4,4,4299c,n,M,NA,NW 3.0m JN 4299,15,50,66,NA,NA,Live,NA,NA,NA
2024,CM,JUMO,4.4,4,4,4299e,n,Y,NA,NE 0.5m JN 4299,20,1,0,3,0,Live,NA,NA,NA
2024,CM,QUTU2,4.4,4,4,4299e,n,NA,1.8,NW 3.3m JN 4299,NA,NA,NA,NA,NA,NA,NA,NA,NA
2024,CM,QUTU2,4.4,4,4,4299f,n,NA,3,N 3.0 JN 4299,NA,NA,NA,NA,NA,NA,NA,NA,NA
2024,CM,QUTU2,4.4,4,4,4299h,n,NA,1.9,NE 3.5m JN 4299,NA,NA,NA,NA,NA,NA,NA,NA,NA
2024,CM,JUMO,4.4,4,4,4300a,n,Y,NA,N 1.0m JN 4300,15,2,0,0,7,Live,NA,NA,NA
2024,CM,QUTU2,4.4,4,4,4300b,n,NA,14.1,N 5.0m JN 4300,NA,NA,NA,NA,NA,NA,NA,NA,NA
2024,CM,QUTU2,4.4,4,4,4300d,n,NA,2.9,SE 1.0m JN 4300,NA,NA,NA,NA,NA,NA,NA,NA,NA
2024,CM,QUTU2,4.4,4,4,4301a,n,NA,1.9,E 2.0m JN 4301,NA,NA,NA,NA,NA,NA,NA,NA,NA
2024,CM,QUTU2,4.4,4,4,4301b,n,NA,12.3,N 3.5m JN 4301,NA,NA,NA,NA,NA,NA,NA,NA,NA
2024,CM,JUMO,4.4,4,4,4302a,n,Y,NA,W 1.0m JN 4302,40,0,0,0,0,Live,NA,NA,NA
2024,CM,JUMO,3.1,3,1,4308a,n,M,NA,E 0.8m JN 4308,10,0,0,0,0,Live,NA,NA,NA
2024,CM,PIED,3.1,3,1,4308b,n,Y,NA,E JN 4308,0,0,0,NA,NA,Live,NA,NA,NA
2024,CM,JUMO,3.1,3,1,4309a,n,Y,NA,N 2.2m JN 4309,40,0,0,0,0,Live,NA,NA,NA
2024,CM,PIED,3.1,3,1,4311c,n,Y,NA,N 2.0m JN 4311,5,21,8,NA,NA,Live,NA,NA,NA
2024,CM,PIED,3.1,3,1,4311d,n,Y,NA,N 2.5m JN 4311,25,10,12,NA,NA,Live,NA,NA,NA
2024,CM,PIED,3.1,3,1,4311g,n,Y,NA,S 1.3m JN 4311,5,0,0,NA,NA,Live,NA,NA,NA
2024,CM,PIED,3.1,3,1,4312a,n,Y,NA,SE 2.0m PN 4312,30,20,45,NA,NA,Live,NA,NA,NA
2024,CM,PIED,3.1,3,1,4314a,n,M,NA,SW 1.0m PN 4314,45,71,22,NA,NA,Live,NA,NA,NA
2024,CM,JUMO,3.2,3,2,4316a,n,M,NA,NA,15,0,0,0,0,Live,NA,NA,NA
2024,CM,JUMO,3.2,3,2,4318a,n,Y,NA,SE 1.7m JN 4318,10,3,4,7,0,Live,NA,NA,NA
2024,CM,JUMO,3.2,3,2,4320a,n,Y,NA,N,30,0,1,0,1,Live,NA,NA,NA
2024,CM,JUMO,3.2,3,2,4320b,n,M,NA,SE 1.0m JN 4320,55,0,7,0,0,Live,NA,NA,NA
2024,CM,PIED,3.2,3,2,4322a,n,Y,NA,N 0.5m JN 4322,10,9,3,NA,NA,Live,NA,NA,NA
2024,CM,QUTU2,3.2,3,2,4322c,n,NA,16.1,S 2.5m JN 4322,NA,NA,NA,NA,NA,NA,NA,NA,NA
2024,CM,PIED,3.2,3,2,4323c,n,Y,NA,N 0.3m JN 4323,5,0,0,NA,NA,Live,NA,NA,NA
2024,CM,PIED,3.2,3,2,4325a,n,Y,NA,S JN 4325,5,0,0,NA,NA,Live,NA,NA,NA
2024,CM,QUTU2,3.2,3,2,4326a,n,NA,1.5,W 0.3m PN 4326,NA,NA,NA,NA,NA,NA,NA,NA,NA
2024,CM,QUTU2,3.2,3,2,4326b,n,NA,3.2,S 2.0m PN 4326,NA,NA,NA,NA,NA,NA,NA,NA,NA
2024,CM,PIED,3.2,3,2,4328a,n,Y,NA,N 0.7m JN 4328,5,0,0,NA,NA,Live,NA,NA,NA
2024,CM,PIED,3.2,3,2,4330a,n,Y,NA,S JN 4330,5,0,5,NA,NA,Live,NA,NA,NA
2024,CM,JUMO,3.2,3,2,4331a,n,M,NA,PN 4331,45,3,0,4,0,Live,NA,NA,NA
2024,CM,PIED,3.2,3,2,4332a,n,Y,NA,W 3.0m PN 4332,100,NA,NA,NA,NA,Dead,NA,NA,NA
2024,CM,PIED,3.2,3,2,4333a,n,Y,NA,W 0.5m JN 4333,100,NA,NA,NA,NA,Dead,NA,NA,NA
2024,CM,PIED,3.2,3,2,4333b,n,M,NA,N 1.5m JN 4333,100,NA,NA,NA,NA,Dead,NA,NA,NA
2024,CM,PIED,3.2,3,2,4334e,n,Y,NA,SE JN 4334,15,0,1,NA,NA,Live,NA,NA,NA
2024,CM,PIED,3.2,3,2,4334f,n,Y,NA,SW JN 4334,0,0,0,NA,NA,Live,NA,NA,NA
2024,CM,PIED,3.2,3,2,4335a,n,Y,NA,SW 1.2m JN 4335,10,6,21,NA,NA,Live,NA,NA,NA
2024,CM,PIED,3.3,3,3,4336a,n,Y,NA,NW 0.6m JN 4336,5,17,12,NA,NA,Live,NA,NA,NA
2024,CM,JUMO,3.3,3,3,4337a,n,Y,NA,NE 1.0m JN 4337,10,0,0,0,0,Live,NA,NA,NA
2024,CM,PIED,3.3,3,3,4339a,n,Y,NA,N 0.5m JN 4339,5,4,1,NA,NA,Live,NA,NA,NA
2024,CM,QUTU2,3.3,3,3,4339b,n,NA,1.2,E 1.5m JN 4339,NA,NA,NA,NA,NA,NA,NA,NA,NA
2024,CM,JUMO,3.3,3,3,4339c,n,Y,NA,E 3.0m Open,10,0,0,0,0,Live,NA,NA,NA
2024,CM,QUTU2,3.3,3,3,4339e,n,NA,3.1,SE 4.0m open,NA,NA,NA,NA,NA,NA,NA,NA,NA
2024,CM,JUMO,3.3,3,3,4340c,n,Y,NA,W 2.3m JN 4340,15,2,0,0,1,Live,NA,NA,NA
2024,CM,QUTU2,3.3,3,3,4340d,n,NA,4,SE 2.2 JN 4340,NA,NA,NA,NA,NA,NA,NA,NA,NA
2024,CM,QUTU2,3.3,3,3,4341a,n,NA,2.2,E 2.0m JN 4341,NA,NA,NA,NA,NA,NA,NA,NA,NA
2024,CM,JUMO,3.3,3,3,4342a,n,Y,NA,N PN 4342,5,0,0,0,0,Live,NA,NA,NA
2024,CM,JUMO,3.3,3,3,4342b,n,Y,NA,SW PN 4342,30,0,0,0,0,Live,NA,NA,NA
2024,CM,JUMO,3.3,3,3,4342c,n,Y,NA,SSW PN 4342,35,0,5,2,2,Live,NA,NA,NA
2024,CM,PIED,3.4,3,4,4354a,n,M,NA,E 0.7m JN 4354,25,28,37,NA,NA,Live,NA,NA,NA
2024,CM,JUMO,3.4,3,4,4354e,n,Y,NA,W 1.0m JN 4354,30,4,3,0,2,Live,NA,NA,NA
2024,CM,JUMO,3.4,3,4,4355a,n,Y,NA,S 1.0m JN 4355,15,0,0,0,0,Live,NA,NA,NA
2024,CM,JUMO,3.4,3,4,4359a,n,Y,NA,N 2.0m JN 4359,5,0,0,0,0,Live,NA,NA,NA
2024,CM,JUMO,3.4,3,4,4359b,n,Y,NA,N 1.5m JN 4359,10,0,0,0,0,Live,NA,NA,NA
2024,CM,JUMO,3.4,3,4,4359h,n,Y,NA,N 0.5m JN 4359,0,0,0,0,0,Live,NA,NA,NA
2024,CM,JUMO,3.4,3,4,4362a,n,Y,NA,E 0.3m JN 4362,NA,NA,NA,NA,NA,NA,NA,NA,NA
2024,CM,JUMO,3.4,3,4,4366a,n,Y,NA,N 1.5m JN 4366,30,1,0,0,0,Live,NA,NA,NA
2024,CM,JUMO,3.4,3,4,4366b,n,Y,NA,NNE 2.5m JN 4366,40,0,0,0,0,Live,NA,NA,NA
2024,CM,JUMO,3.4,3,4,4366c,n,Y,NA,NE 2.5m JN 4366,10,0,0,0,0,Live,NA,NA,NA
2024,CM,JUMO,3.4,3,4,4366d,n,Y,NA,E 0.5m JN 4366,20,0,0,0,0,Live,NA,NA,NA
2024,CM,JUMO,3.4,3,4,4370d,n,Y,NA,NW 2.0m JN 4370,30,0,0,0,0,Live,NA,NA,NA
2024,FS,JUMO,NA,NA,NA,408,n,O,NA,NA,30,7,18,13,1,Live,NA,NA,NA
2024,FS,JUMO,NA,NA,NA,409,n,M,NA,NA,70,0,0,0,0,Live,NA,NA,NA
2024,FS,JUMO,NA,NA,NA,411,n,O,NA,NA,55,0,0,0,0,Live,NA,NA,NA
2024,FS,JUMO,NA,NA,NA,412,n,O,NA,NA,25,2,0,0,0,Live,NA,NA,NA
2024,FS,JUMO,NA,NA,NA,414,n,O,NA,NA,30,0,0,0,0,Live,NA,NA,NA
2024,FS,JUMO,NA,NA,NA,415,n,M,NA,NA,20,0,0,0,0,Live,NA,NA,NA
2024,FS,JUMO,NA,NA,NA,416,n,M,NA,NA,35,0,1,1,1,Live,NA,NA,NA
2024,FS,JUMO,NA,NA,NA,420,n,VO,NA,NA,NA,NA,NA,NA,NA,NA,NA,NA,NA
2024,FS,JUMO,NA,NA,NA,421,n,O,NA,NA,35,5,17,3,3,Live,NA,NA,NA
2024,FS,JUMO,NA,NA,NA,422,n,VO,NA,NA,15,19,8,16,12,Live,NA,NA,NA
2024,FS,JUMO,NA,NA,NA,427,n,O,NA,NA,35,5,0,0,0,Live,NA,NA,NA
2024,FS,JUMO,NA,NA,NA,430,n,VO,NA,NA,25,26,5,15,13,Live,NA,NA,NA
2024,FS,JUMO,NA,NA,NA,922,n,M,NA,NA,30,0,1,0,0,Live,NA,NA,NA
2024,FS,JUMO,NA,NA,NA,924,n,M,NA,NA,25,0,0,0,0,Live,NA,NA,NA
2024,FS,JUMO,NA,NA,NA,926,n,VO,NA,NA,40,0,1,0,0,Live,NA,NA,NA
2024,FS,JUMO,NA,NA,NA,927,n,VO,NA,NA,35,8,10,4,2,Live,NA,NA,NA
2024,FS,JUMO,NA,NA,NA,928,n,VO,NA,NA,20,3,0,0,2,Live,NA,NA,NA
2024,FS,JUMO,NA,NA,NA,929,n,VO,NA,NA,25,11,8,6,2,Live,NA,NA,NA
2024,FS,JUMO,NA,NA,NA,934,n,O,NA,NA,15,1,3,3,0,Live,NA,NA,NA
2024,FS,JUMO,NA,NA,NA,935,n,VO,NA,NA,20,0,0,0,0,Live,NA,NA,NA
2024,FS,JUMO,NA,NA,NA,936,n,O,NA,NA,25,20,26,68,9,Live,NA,NA,NA
2024,FS,JUMO,NA,NA,NA,937,n,O,NA,NA,25,1,0,2,1,Live,NA,NA,NA
2024,FS,JUMO,NA,NA,NA,938,n,O,NA,NA,20,0,2,0,0,Live,NA,NA,NA
2024,FS,JUMO,NA,NA,NA,939,n,VO,NA,NA,20,10,18,2,4,Live,NA,NA,NA
2024,FS,JUMO,NA,NA,NA,941,n,VO,NA,NA,30,23,15,28,35,Live,NA,NA,NA
2024,FS,JUMO,NA,NA,NA,943,n,O,NA,NA,30,8,22,20,10,Live,NA,NA,NA
2024,FS,JUMO,NA,NA,NA,944,n,O,NA,NA,20,7,4,1,1,Live,NA,NA,NA
2024,FS,JUMO,NA,NA,NA,999,n,VO,NA,NA,20,0,0,3,0,Live,NA,NA,NA
2024,FS,JUMO,NA,NA,NA,4799,n,O,NA,NA,25,0,0,0,0,Live,NA,NA,NA
2024,FS,JUMO,NA,NA,NA,4800,n,O,NA,NA,20,1,7,1,1,Live,NA,NA,NA
2024,FS,JUMO,NA,NA,NA,4814,n,O,NA,NA,20,31,19,16,16,Live,NA,NA,NA
2024,GD,JUMO,3.2,3,2,4701,n,M,NA,NA,15,3,1,0,0,Live,NA,NA,NA
2024,GD,JUMO,3.2,3,2,4702,n,O,NA,NA,10,13,11,0,4,Live,NA,NA,NA
2024,GD,JUMO,3.2,3,2,4703,n,M,NA,NA,15,0,2,0,3,Live,NA,NA,NA
2024,GD,JUMO,3.2,3,2,4705,n,O,NA,NA,35,2,0,0,0,Live,NA,NA,NA
2024,GD,QUTU2,3.3,3,3,4709,n,NA,18,PN 4708,NA,NA,NA,NA,NA,NA,NA,NA,NA
2024,GD,QUTU2,3.3,3,3,4710,n,NA,3.1,Open,NA,NA,NA,NA,NA,NA,NA,NA,NA
2024,GD,JUMO,3.2,3,2,4711,n,O,NA,NA,25,15,5,4,0,Live,NA,NA,NA
2024,GD,QUTU2,3.3,3,3,4712,n,NA,3.1,NE PN 4713,NA,NA,NA,NA,NA,NA,NA,NA,NA
2024,GD,PIED,3.3,3,3,4713,n,M,NA,NA,30,0,4,NA,NA,Live,NA,NA,NA
2024,GD,JUMO,3.2,3,2,4715,n,O,NA,NA,35,0,6,0,0,Live,NA,NA,NA
2024,GD,JUMO,3.2,3,2,4716,n,Y,NA,NA,10,8,4,0,0,Live,NA,NA,NA
2024,GD,JUMO,3.2,3,2,4717,n,Y,NA,NA,15,0,0,0,0,Live,NA,NA,NA
2024,GD,JUMO,3.2,3,2,4718,n,M,NA,NA,35,4,5,2,5,Live,NA,NA,NA
2024,GD,PIED,3.3,3,3,4721,n,M,NA,NA,100,NA,NA,NA,NA,Dead,NA,NA,NA
2024,GD,PIED,3.4,3,4,4722,n,M,NA,NA,100,NA,NA,NA,NA,Dead,NA,NA,NA
2024,GD,QUTU2,3.4,3,4,4725,n,NA,12.3,NA,NA,NA,NA,NA,NA,NA,NA,NA,NA
2024,GD,JUMO,3.4,3,4,4726,n,M,NA,NA,35,7,3,1,9,Live,NA,NA,NA
2024,GD,JUMO,3.4,3,4,4727,n,O,NA,NA,20,16,18,3,3,Live,NA,NA,NA
2024,GD,JUMO,3.4,3,4,4728,n,M,NA,NA,30,4,5,0,2,Live,NA,NA,NA
2024,GD,QUTU2,4.1,4,1,4732,n,NA,2.9,NA,NA,NA,NA,NA,NA,NA,NA,NA,NA
2024,GD,QUTU2,4.1,4,1,4733,n,NA,20.3,NA,NA,NA,NA,NA,NA,NA,NA,NA,NA
2024,GD,JUMO,4.1,4,1,4739,n,Y,NA,NA,10,1,2,5,0,Live,NA,NA,NA
2024,GD,JUMO,4.1,4,1,4740,n,O,NA,NA,25,1,3,2,0,Live,NA,NA,NA
2024,GD,QUTU2,4.1,4,1,4741,n,NA,30.4,NA,NA,NA,NA,NA,NA,NA,NA,NA,NA
2024,GD,QUTU2,4.2,4,2,4742,n,NA,2.4,NA,NA,NA,NA,NA,NA,NA,NA,NA,NA
2024,GD,JUMO,4.2,4,2,4744,n,Y,NA,NA,5,9,3,1,0,Live,NA,NA,NA
2024,GD,JUMO,4.2,4,2,4745,n,O,NA,NA,45,0,2,2,0,Live,NA,NA,NA
2024,GD,JUMO,4.2,4,2,4746,n,M,NA,NA,60,0,0,0,0,Live,NA,NA,NA
2024,GD,JUMO,4.3,4,3,4747,n,Y,NA,NA,15,0,0,0,0,Live,NA,NA,NA
2024,GD,JUMO,4.2,4,2,4748,n,O,NA,NA,50,0,0,0,2,Live,NA,NA,NA
2024,GD,QUTU2,4.2,4,2,4750,n,NA,7.6,NA,NA,NA,NA,NA,NA,NA,NA,NA,NA
2024,GD,JUMO,4.2,4,2,4751,n,M,NA,NA,15,2,1,0,1,Live,NA,NA,NA
2024,GD,JUMO,4.2,4,2,4752,n,O,NA,NA,20,0,0,0,0,Live,NA,NA,NA
2024,GD,JUMO,4.2,4,2,4753,n,M,NA,NA,35,1,2,2,2,Live,NA,NA,NA
2024,GD,JUMO,4.2,4,2,4754,n,M,NA,NA,35,2,1,1,0,Live,NA,NA,NA
2024,GD,QUTU2,4.2,4,2,4755,n,NA,6.2,NA,NA,NA,NA,NA,NA,NA,NA,NA,NA
2024,GD,QUTU2,4.2,4,2,4756,n,NA,5.1,NA,NA,NA,NA,NA,NA,NA,NA,NA,NA
2024,GD,JUMO,4.2,4,2,4757,n,M,NA,NA,25,1,0,1,1,Live,NA,NA,NA
2024,GD,JUMO,4.2,4,2,4758,n,M,NA,NA,35,0,0,1,0,Live,NA,NA,NA
2024,GD,JUMO,4.2,4,2,4759,n,Y,NA,NA,40,4,0,1,1,Live,NA,NA,NA
2024,GD,JUMO,4.2,4,2,4760,n,M,NA,NA,45,5,0,2,1,Live,NA,NA,NA
2024,GD,JUMO,4.2,4,2,4762,n,M,NA,NA,25,2,0,0,0,Live,NA,NA,NA
2024,GD,JUMO,4.2,4,2,4763,n,Y,NA,NA,NA,NA,NA,NA,NA,NA,NA,NA,NA
2024,GD,QUTU2,4.3,4,3,4766,n,NA,15.7,Wood Rat,NA,NA,NA,NA,NA,NA,NA,NA,NA
2024,GD,JUMO,4.3,4,3,4767,n,O,NA,NA,NA,NA,NA,NA,NA,NA,NA,NA,NA
2024,GD,JUMO,4.3,4,3,4769,n,Y,NA,NA,NA,NA,NA,NA,NA,NA,NA,NA,NA
2024,GD,JUMO,4.3,4,3,4770,n,M,NA,NA,NA,NA,NA,NA,NA,NA,NA,NA,NA
2024,GD,JUMO,4.3,4,3,4773,n,Y,NA,Open,NA,NA,NA,NA,NA,NA,NA,NA,NA
2024,GD,JUMO,4.3,4,3,4780,n,O,NA,NA,NA,NA,NA,NA,NA,NA,NA,NA,NA
2024,GD,JUMO,4.4,4,4,4782,n,Y,NA,NA,NA,NA,NA,NA,NA,NA,NA,NA,NA
2024,GD,QUTU2,4.4,4,4,4783,n,NA,4.4,NA,NA,NA,NA,NA,NA,NA,NA,NA,NA
2024,GD,QUTU2,4.4,4,4,4784,n,NA,9.2,Clump,NA,NA,NA,NA,NA,NA,NA,NA,NA
2024,GD,QUTU2,4.4,4,4,4785,n,NA,6,Clump,NA,NA,NA,NA,NA,NA,NA,NA,NA
2024,GD,JUMO,4.4,4,4,4790,n,M,NA,NA,NA,NA,NA,NA,NA,NA,NA,NA,NA
2024,GD,QUTU2,2.3,2,3,4802,n,NA,15,NA,NA,NA,NA,NA,NA,NA,NA,NA,NA
2024,GD,QUTU2,2.3,2,3,4803,n,NA,2.2,NA,NA,NA,NA,NA,NA,NA,NA,NA,NA
2024,GD,JUMO,2.3,2,3,4804,n,M,NA,NA,15,2,0,0,0,Live,NA,NA,NA
2024,GD,JUMO,2.3,2,3,4805,n,Y,NA,N Slope,20,1,0,0,0,Live,NA,NA,NA
2024,GD,QUTU2,2.3,2,3,4806,n,NA,3.8,NA,NA,NA,NA,NA,NA,NA,NA,NA,NA
2024,GD,QUTU2,2.3,2,3,4808,n,NA,12.3,NA,NA,NA,NA,NA,NA,NA,NA,NA,NA
2024,GD,QUTU2,2.3,2,3,4810,n,NA,10.1,NA,NA,NA,NA,NA,NA,NA,NA,NA,NA
2024,GD,JUMO,2.3,2,3,4811,n,M,NA,NA,35,0,2,0,0,Live,NA,NA,NA
2024,GD,QUTU2,2.3,2,3,4813,n,NA,6,NA,NA,NA,NA,NA,NA,NA,NA,NA,NA
2024,GD,JUMO,2.3,2,3,4817,n,M,NA,SW Corner,30,1,0,0,0,Live,NA,NA,NA
2024,GD,QUTU2,2.3,2,3,4822,n,NA,7.6,NA,NA,NA,NA,NA,NA,NA,NA,NA,NA
2024,GD,QUTU2,2.3,2,3,4823,n,NA,16.1,NA,NA,NA,NA,NA,NA,NA,NA,NA,NA
2024,GD,QUTU2,2.3,2,3,4824,n,NA,25.2,NA,NA,NA,NA,NA,NA,NA,NA,NA,NA
2024,GD,QUTU2,2.3,2,3,4826,n,NA,2.3,NA,NA,NA,NA,NA,NA,NA,NA,NA,NA
2024,GD,JUMO,2.4,2,4,4827,n,VO,NA,NA,5,7,3,3,3,Live,NA,NA,NA
2024,GD,QUTU2,2.4,2,4,4830,n,NA,6.8,NA,NA,NA,NA,NA,NA,NA,NA,NA,NA
2024,GD,QUTU2,2.4,2,4,4831,n,NA,4,NA,NA,NA,NA,NA,NA,NA,NA,NA,NA
2024,GD,QUTU2,2.4,2,4,4833,n,NA,2.3,NA,NA,NA,NA,NA,NA,NA,NA,NA,NA
2024,GD,JUMO,2.4,2,4,4835,n,Y,NA,NA,5,0,0,0,0,Live,NA,NA,NA
2024,GD,QUTU2,3.1,3,1,4836,n,NA,20.3,NA,NA,NA,NA,NA,NA,NA,NA,NA,NA
2024,GD,QUTU2,3.1,3,1,4837,n,NA,5.1,NA,NA,NA,NA,NA,NA,NA,NA,NA,NA
2024,GD,QUTU2,3.1,3,1,4838,n,NA,4,NA,NA,NA,NA,NA,NA,NA,NA,NA,NA
2024,GD,QUTU2,3.1,3,1,4839,n,NA,2.8,NA,NA,NA,NA,NA,NA,NA,NA,NA,NA
2024,GD,QUTU2,3.1,3,1,4842,n,NA,5.6,NA,NA,NA,NA,NA,NA,NA,NA,NA,NA
2024,GD,QUTU2,3.1,3,1,4843,n,NA,5.1,NA,NA,NA,NA,NA,NA,NA,NA,NA,NA
2024,GD,QUTU2,3.1,3,1,4844,n,NA,6.1,NA,NA,NA,NA,NA,NA,NA,NA,NA,NA
2024,GD,JUMO,3.1,3,1,4845,n,Y,NA,NA,50,3,3,0,0,Live,NA,NA,NA
2024,GD,JUMO,3.1,3,1,4846,n,Y,NA,NA,100,NA,NA,NA,NA,Dead,NA,NA,NA
2024,GD,QUTU2,3.1,3,1,4849,n,NA,1,NA,NA,NA,NA,NA,NA,NA,NA,NA,NA
2024,GD,QUTU2,3.1,3,1,4850,n,NA,7.6,NA,NA,NA,NA,NA,NA,NA,NA,NA,NA
2024,GD,QUTU2,3.1,3,1,4851,n,NA,11.4,NA,NA,NA,NA,NA,NA,NA,NA,NA,NA
2024,GD,QUTU2,3.1,3,1,4852,n,NA,3.6,NA,NA,NA,NA,NA,NA,NA,NA,NA,NA
2024,GD,QUTU2,3.1,3,1,4853,n,NA,5,NA,NA,NA,NA,NA,NA,NA,NA,NA,NA
2024,GD,QUTU2,3.1,3,1,4854,n,NA,14.1,NA,NA,NA,NA,NA,NA,NA,NA,NA,NA
2024,GD,JUMO,3.2,3,2,4856,n,M,NA,NA,20,3,1,2,0,Live,NA,NA,NA
2024,GD,JUMO,3.2,3,2,4859,n,O,NA,NA,15,4,0,0,1,Live,NA,NA,NA
2024,GD,QUTU2,3.2,3,2,4860,n,NA,12.3,NA,NA,NA,NA,NA,NA,NA,NA,NA,NA
2024,GD,JUMO,3.2,3,2,4861,n,M,NA,N Slope,60,1,1,0,0,Live,NA,NA,NA
2024,GD,QUTU2,3.2,3,2,4862,n,NA,7.6,NA,NA,NA,NA,NA,NA,NA,NA,NA,NA
2024,GD,JUMO,3.2,3,2,4863,n,M,NA,NA,25,2,1,0,0,Live,NA,NA,NA
2024,GD,QUTU2,3.2,3,2,4864,n,NA,2.9,NA,NA,NA,NA,NA,NA,NA,NA,NA,NA
2024,GD,QUTU2,3.2,3,2,4865,n,NA,36.2,NA,NA,NA,NA,NA,NA,NA,NA,NA,NA
2024,GD,QUTU2,3.2,3,2,4866,n,NA,18.2,NA,NA,NA,NA,NA,NA,NA,NA,NA,NA
2024,GD,QUTU2,3.2,3,2,4868,n,NA,4.7,NA,NA,NA,NA,NA,NA,NA,NA,NA,NA
2024,GD,QUTU2,3.2,3,2,4869,n,NA,0.9,NA,NA,NA,NA,NA,NA,NA,NA,NA,NA
2024,GD,JUMO,3.2,3,2,4870,n,O,NA,N Slope,15,8,5,4,3,Live,NA,NA,NA
2024,GD,QUTU2,3.2,3,2,4874,n,NA,1.6,NA,NA,NA,NA,NA,NA,NA,NA,NA,NA
2024,GD,JUMO,3.2,3,2,4882,n,M,NA,Cape,95,0,0,0,0,Live,NA,NA,NA
2024,GD,JUMO,3.2,3,2,4883,n,M,NA,Cape,45,0,0,0,0,Live,NA,NA,NA
2024,GD,QUTU2,3.2,3,2,4884,n,NA,7.7,Cape,NA,NA,NA,NA,NA,NA,NA,NA,NA
2024,GD,QUTU2,3.2,3,2,4885,n,NA,8.3,Cape,NA,NA,NA,NA,NA,NA,NA,NA,NA
2024,GD,QUTU2,3.2,3,2,4888,n,NA,6.7,NA,NA,NA,NA,NA,NA,NA,NA,NA,NA
2024,GD,JUMO,3.2,3,2,4890,n,M,NA,NA,30,0,0,0,0,Live,NA,NA,NA
2024,GD,PIED,3.2,3,2,4895,n,M,NA,E Slope,15,38,25,NA,NA,Live,NA,NA,NA
2024,GD,JUMO,3.2,3,2,4896,n,M,NA,NA,15,0,0,0,0,Live,NA,NA,NA
2024,GD,QUTU2,3.3,3,3,4897,n,NA,15,JN 4896,NA,NA,NA,NA,NA,NA,NA,NA,NA
2024,GD,QUTU2,3.3,3,3,4900,n,NA,9,NA,NA,NA,NA,NA,NA,NA,NA,NA,NA
2024,GD,JUMO,1.1,1,1,4901,n,VO,NA,NA,25,9,0,0,4,Live,NA,NA,NA
2024,GD,JUMO,1.1,1,1,4902,n,VO,NA,NA,35,4,1,0,1,Live,NA,NA,NA
2024,GD,JUMO,1.1,1,1,4903,n,VO,NA,NA,40,1,0,1,0,Live,NA,NA,NA
2024,GD,QUTU2,1.1,1,1,4906,n,NA,1,NA,NA,NA,NA,NA,NA,NA,NA,NA,NA
2024,GD,QUTU2,1.1,1,1,4907,n,NA,2.3,NA,NA,NA,NA,NA,NA,NA,NA,NA,NA
2024,GD,QUTU2,1.1,1,1,4908,n,NA,3.1,NA,NA,NA,NA,NA,NA,NA,NA,NA,NA
2024,GD,QUTU2,1.1,1,1,4909,n,NA,2.3,NA,NA,NA,NA,NA,NA,NA,NA,NA,NA
2024,GD,JUMO,1.2,1,2,4911,n,O,NA,NA,15,21,19,2,16,Live,NA,NA,NA
2024,GD,JUMO,1.3,1,3,4912,n,VO,NA,NA,40,3,3,0,0,Live,NA,NA,NA
2024,GD,JUMO,1.3,1,3,4913,n,Y,NA,NA,15,1,0,3,0,Live,NA,NA,NA
2024,GD,JUMO,1.3,1,3,4914,n,Y,NA,NA,25,0,1,0,1,Live,NA,NA,NA
2024,GD,QUTU2,1.3,1,3,4915,n,NA,9,NA,NA,NA,NA,NA,NA,NA,NA,NA,NA
2024,GD,QUTU2,1.4,1,4,4917,n,NA,4.2,NA,NA,NA,NA,NA,NA,NA,NA,NA,NA
2024,GD,QUTU2,1.4,1,4,4919,n,NA,2.4,NA,NA,NA,NA,NA,NA,NA,NA,NA,NA
2024,GD,QUTU2,1.4,1,4,4920,n,NA,4,NA,NA,NA,NA,NA,NA,NA,NA,NA,NA
2024,GD,QUTU2,1.4,1,4,4921,n,NA,10,NA,NA,NA,NA,NA,NA,NA,NA,NA,NA
2024,GD,QUTU2,1.4,1,4,4922,n,NA,10.4,NA,NA,NA,NA,NA,NA,NA,NA,NA,NA
2024,GD,JUMO,1.4,1,4,4923,n,VO,NA,NA,0,0,7,0,0,Live,NA,NA,NA
2024,GD,JUMO,1.4,1,4,4924,n,O,NA,NA,10,101,45,94,37,Live,NA,NA,NA
2024,GD,QUTU2,1.4,1,4,4927,n,NA,0.8,NA,NA,NA,NA,NA,NA,NA,NA,NA,NA
2024,GD,QUTU2,1.4,1,4,4928,n,NA,6.7,NA,NA,NA,NA,NA,NA,NA,NA,NA,NA
2024,GD,QUTU2,1.4,1,4,4929,n,NA,2.9,NA,NA,NA,NA,NA,NA,NA,NA,NA,NA
2024,GD,QUTU2,1.4,1,4,4931,n,NA,7.6,NA,NA,NA,NA,NA,NA,NA,NA,NA,NA
2024,GD,JUMO,1.4,1,4,4933,n,M,NA,NA,10,33,16,3,5,Live,NA,NA,NA
2024,GD,QUTU2,1.4,1,4,4935,n,NA,2.3,NA,NA,NA,NA,NA,NA,NA,NA,NA,NA
2024,GD,QUTU2,1.4,1,4,4936,n,NA,0.6,NA,NA,NA,NA,NA,NA,NA,NA,NA,NA
2024,GD,JUMO,1.4,1,4,4941,n,O,NA,NA,50,1,7,2,0,Live,NA,NA,NA
2024,GD,QUTU2,1.4,1,4,4942,n,NA,1.9,NA,NA,NA,NA,NA,NA,NA,NA,NA,NA
2024,GD,QUTU2,1.4,1,4,4945,n,NA,2.1,NA,NA,NA,NA,NA,NA,NA,NA,NA,NA
2024,GD,QUTU2,1.4,1,4,4946,n,NA,1.1,NA,NA,NA,NA,NA,NA,NA,NA,NA,NA
2024,GD,QUTU2,1.4,1,4,4947,n,NA,1.8,NA,NA,NA,NA,NA,NA,NA,NA,NA,NA
2024,GD,JUMO,1.4,1,4,4948,n,Y,NA,NA,10,0,0,0,0,Live,NA,NA,NA
2024,GD,JUMO,1.4,1,4,4949,n,M,NA,NA,30,1,2,2,3,Live,NA,NA,NA
2024,GD,JUMO,1.4,1,4,4950,n,Y,NA,NA,40,0,0,0,0,Live,NA,NA,NA
2024,GD,JUMO,1.4,1,4,4951,n,M,NA,NA,30,0,2,0,0,Live,NA,NA,NA
2024,GD,JUMO,1.4,1,4,4954,n,M,NA,NA,20,8,1,0,1,Live,NA,NA,NA
2024,GD,JUMO,2.1,2,1,4957,n,M,NA,NA,20,0,1,4,2,Live,NA,NA,NA
2024,GD,QUTU2,2.1,2,1,4959,n,NA,9,NA,NA,NA,NA,NA,NA,NA,NA,NA,NA
2024,GD,QUTU2,2.2,2,2,4960,n,NA,13.6,JN 4964,NA,NA,NA,NA,NA,NA,NA,NA,NA
2024,GD,JUMO,2.2,2,2,4964,n,O,NA,NA,25,7,0,4,0,Live,NA,NA,NA
2024,GD,JUMO,2.2,2,2,4966,n,M,NA,NA,15,3,0,3,2,Live,NA,NA,NA
2024,GD,QUTU2,2.2,2,2,4967,n,NA,4.7,PN 4968,NA,NA,NA,NA,NA,NA,NA,NA,NA
2024,GD,JUMO,2.2,2,2,4970,n,O,NA,S Slope,20,7,8,2,3,Live,NA,NA,NA
2024,GD,JUMO,2.2,2,2,4971,n,Y,NA,NA,10,0,0,0,0,Live,NA,NA,NA
2024,GD,QUTU2,2.2,2,2,4976,n,NA,11.1,NA,NA,NA,NA,NA,NA,NA,NA,NA,NA
2024,GD,JUMO,2.2,2,2,4977,n,Y,NA,NA,0,0,0,0,0,Live,NA,NA,NA
2024,GD,QUTU2,2.2,2,2,4978,n,NA,4.4,NA,NA,NA,NA,NA,NA,NA,NA,NA,NA
2024,GD,QUTU2,2.2,2,2,4981,n,NA,16.7,NA,NA,NA,NA,NA,NA,NA,NA,NA,NA
2024,GD,JUMO,2.2,2,2,4982,n,Y,NA,NA,0,3,2,1,0,Live,NA,NA,NA
2024,GD,JUMO,2.2,2,2,4983,n,M,NA,NA,10,0,0,1,7,Live,NA,NA,NA
2024,GD,JUMO,2.2,2,2,4984,n,O,NA,NA,30,1,0,0,0,Live,NA,NA,NA
2024,GD,JUMO,2.2,2,2,4985,n,O,NA,NA,25,5,2,2,1,Live,NA,NA,NA
2024,GD,JUMO,2.2,2,2,4987,n,O,NA,S Slope,10,6,5,4,2,Live,NA,NA,NA
2024,GD,QUTU2,2.2,2,2,4988,n,NA,68.4,NA,NA,NA,NA,NA,NA,NA,NA,NA,NA
2024,GD,QUTU2,2.3,2,3,4992,n,NA,0.9,NA,NA,NA,NA,NA,NA,NA,NA,NA,NA
2024,GD,JUMO,2.3,2,3,4993,n,M,NA,S Slope,50,0,0,0,8,Live,NA,NA,NA
2024,GD,QUTU2,2.3,2,3,4996,n,NA,4.7,NA,NA,NA,NA,NA,NA,NA,NA,NA,NA
2024,GD,JUMO,2.3,2,3,4998,n,O,NA,NA,10,0,0,2,2,Live,NA,NA,NA
2024,GD,PIED,3.3,3,3,4707*,y,Y,NA,At the bottom,0,2,0,NA,NA,Live,NA,NA,NA
2024,GD,PIED,3.3,3,3,4708*,y,M,NA,NA,20,47,13,NA,NA,Live,NA,NA,NA
2024,GD,PIED,3.3,3,3,4720*,y,M,NA,NA,15,20,97,NA,NA,Live,NA,NA,NA
2024,GD,QUTU2,4.1,4,1,4731a,n,NA,20.3,NA,NA,NA,NA,NA,NA,NA,NA,NA,NA
2024,GD,QUTU2,4.1,4,1,4731b,n,NA,2,S JN 4731,NA,NA,NA,NA,NA,NA,NA,NA,NA
2024,GD,PIED,4.3,4,3,4738*,y,Y,NA,NA,5,13,0,NA,NA,Live,NA,NA,NA
2024,GD,QUTU2,4.1,4,1,4738a,n,NA,4.5,S 1.0m PN 4738,NA,NA,NA,NA,NA,NA,NA,NA,NA
2024,GD,QUTU2,4.1,4,1,4739a,n,NA,12.2,JN 4739,NA,NA,NA,NA,NA,NA,NA,NA,NA
2024,GD,PIED,4.2,4,2,4743*,y,Y,NA,NA,35,0,0,NA,NA,Live,NA,NA,NA
2024,GD,QUTU2,4.2,4,2,4744a,n,NA,7.6,S 2.0m JN 4744,NA,NA,NA,NA,NA,NA,NA,NA,NA
2024,GD,QUTU2,4.2,4,2,4751a,n,NA,4,S 2.0m JN 4751,NA,NA,NA,NA,NA,NA,NA,NA,NA
2024,GD,QUTU2,4.2,4,2,4762a,n,NA,7.6,S 2.5m JN 4762,NA,NA,NA,NA,NA,NA,NA,NA,NA
2024,GD,QUTU2,4.2,4,2,4762b,n,NA,3.1,S 4.0m JN 4762,NA,NA,NA,NA,NA,NA,NA,NA,NA
2024,GD,QUTU2,4.2,4,2,4763a,n,NA,1.1,W 3.0m JN 4763,NA,NA,NA,NA,NA,NA,NA,NA,NA
2024,GD,QUTU2,4.3,4,3,4767a,n,NA,1.3,JN 4767,NA,NA,NA,NA,NA,NA,NA,NA,NA
2024,GD,QUTU2,4.3,4,3,4768a,n,NA,38,E JN 4768,NA,NA,NA,NA,NA,NA,NA,NA,NA
2024,GD,JUMO,4.3,4,3,4768b,n,Y,NA,N 1.2m JN 4768,0,0,0,0,0,Live,NA,NA,NA
2024,GD,QUTU2,4.3,4,3,4768b,n,NA,30,W JN 4768,NA,NA,NA,NA,NA,NA,NA,NA,NA
2024,GD,QUTU2,4.3,4,3,4771a,n,NA,2.7,E 2.0m JN 4771,NA,NA,NA,NA,NA,NA,NA,NA,NA
2024,GD,QUTU2,4.3,4,3,4777a,n,NA,1.1,E 2.0m JN 4777,NA,NA,NA,NA,NA,NA,NA,NA,NA
2024,GD,PIED,4.3,4,3,4778*,y,M,NA,NA,100,NA,NA,NA,NA,Dead,NA,NA,NA
2024,GD,QUTU2,4.3,4,3,4778a,n,NA,9.6,PN 4778,NA,NA,NA,NA,NA,NA,NA,NA,NA
2024,GD,QUTU2,4.3,4,3,4779a,n,NA,4.7,NW 3.0m JN 4779,NA,NA,NA,NA,NA,NA,NA,NA,NA
2024,GD,QUTU2,4.4,4,4,4782a,n,NA,5.6,W JN 4782,NA,NA,NA,NA,NA,NA,NA,NA,NA
2024,GD,JUMO,2.3,2,3,4809d,n,Y,NA,W 2.0m JN 4809,10,4,0,0,8,Live,NA,NA,NA
2024,GD,JUMO,2.3,2,3,4812a,n,Y,NA,S 1.0m JN 4812,25,3,4,5,1,Live,NA,NA,NA
2024,GD,PIED,2.3,2,3,4815*,y,J,NA,E 1.0m JN 4817,0,0,0,NA,NA,Live,NA,NA,NA
2024,GD,PIED,2.3,2,3,4816*,y,J,NA,E 1.0m JN 4817,0,10,3,NA,NA,Live,NA,NA,NA
2024,GD,PIED,2.3,2,3,4818*,y,M,NA,NA,0,0,0,NA,NA,Live,NA,NA,NA
2024,GD,PIED,3.2,3,2,4872*,y,M,NA,NA,10,98,78,NA,NA,Live,NA,NA,NA
2024,GD,PIED,3.2,3,2,4875*,y,Y,NA,NA,100,NA,NA,NA,NA,Dead,NA,NA,NA
2024,GD,PIED,3.2,3,2,4886a,n,M,NA,W 1.0m JN 4886,20,54,79,NA,NA,Live,NA,NA,NA
2024,GD,QUTU2,3.3,3,3,4900a,n,NA,11,N 0.5m OK 4900,NA,NA,NA,NA,NA,NA,NA,NA,NA
2024,GD,PIED,1.4,1,4,4918*,y,Y,NA,NA,100,NA,NA,NA,NA,Dead,NA,NA,NA
2024,GD,PIED,1.4,1,4,4925*,y,Y,NA,NA,85,0,0,NA,NA,Live,NA,NA,NA
2024,GD,PIED,1.4,1,4,4934*,y,Y,NA,NA,5,4,1,NA,NA,Live,NA,NA,NA
2024,GD,PIED,1.4,1,4,4940*,y,Y,NA,S 1.0m JN 4923,10,0,1,NA,NA,Live,NA,NA,NA
2024,GD,PIED,1.4,1,4,4955*,y,Y,NA,NA,100,NA,NA,NA,NA,Dead,NA,NA,NA
2024,GD,PIED,2.2,2,2,4968*,y,Y,NA,At the bottom,100,NA,NA,NA,NA,Dead,NA,NA,NA
2024,GD,PIED,2.2,2,2,4969*,y,M,NA,NA,100,NA,NA,NA,NA,Dead,NA,NA,NA
2024,GD,PIED,2.2,2,2,4969a*,y,Y,NA,W 1.0m PN 4969,0,0,0,NA,NA,Live,NA,NA,NA
2024,GD,PIED,2.2,2,2,4980*,y,Y,NA,NA,25,0,0,NA,NA,Live,NA,NA,NA
2024,GD,PIED,2.2,2,2,4990*,y,M,NA,NA,10,0,0,NA,NA,Live,NA,NA,NA
2024,GD,PIED,2.3,2,3,4994*,y,M,NA,At the bottom,100,NA,NA,NA,NA,Dead,NA,NA,NA
2024,GD,PIED,2.3,2,3,4999*,y,M,NA,S 0.5m PN 4994,100,NA,NA,NA,NA,Dead,NA,NA,NA
2024,WM,JUMO,NA,NA,NA,NA,n,NA,NA,NA,NA,NA,NA,NA,NA,NA,NA,NA,NA
2024,WM,PIED,NA,NA,NA,NA,n,NA,NA,NA,NA,NA,NA,NA,NA,NA,NA,NA,NA
